"scenario","method","d","rep"
"A","ssGSEA",9.85902913388649,1
"A","GSVA",12.2841920800267,1
"A","zscore",10.0987757370573,1
"A","AUCell",8.21436823573966,1
"A","UCell",9.87123758482626,1
"A","ssGSEA",9.24361557918724,2
"A","GSVA",14.8369148662063,2
"A","zscore",10.2844841596682,2
"A","AUCell",8.24156395536247,2
"A","UCell",9.21279334571225,2
"A","ssGSEA",9.18175652866388,3
"A","GSVA",14.2277757268416,3
"A","zscore",9.44971346761563,3
"A","AUCell",8.51477905276397,3
"A","UCell",9.17815545565344,3
"A","ssGSEA",10.6102498918453,4
"A","GSVA",13.2814407221827,4
"A","zscore",10.0213358836151,4
"A","AUCell",7.41651267120021,4
"A","UCell",10.6082875731958,4
"A","ssGSEA",8.94095004767493,5
"A","GSVA",12.7094286677683,5
"A","zscore",9.06007019637723,5
"A","AUCell",6.6814049087411,5
"A","UCell",8.90676344068295,5
"A","ssGSEA",10.1368362908912,6
"A","GSVA",14.6780191846092,6
"A","zscore",10.3271613036179,6
"A","AUCell",7.05904812900528,6
"A","UCell",10.112383890904,6
"A","ssGSEA",9.40186008113568,7
"A","GSVA",11.8090381348257,7
"A","zscore",9.55939028659887,7
"A","AUCell",7.59982426092943,7
"A","UCell",9.40024698061231,7
"A","ssGSEA",10.4810917870738,8
"A","GSVA",16.2895714991286,8
"A","zscore",10.2232797952555,8
"A","AUCell",7.58507523886043,8
"A","UCell",10.4960709608396,8
"A","ssGSEA",8.61477653338446,9
"A","GSVA",14.0335828566774,9
"A","zscore",8.97652962027354,9
"A","AUCell",8.02043781729369,9
"A","UCell",8.60424166504768,9
"A","ssGSEA",10.1650730409328,10
"A","GSVA",16.4410020577005,10
"A","zscore",10.0581866353021,10
"A","AUCell",7.9804647607892,10
"A","UCell",10.1367976040504,10
"A","ssGSEA",7.97471048600243,11
"A","GSVA",11.4420133403822,11
"A","zscore",7.64261835641817,11
"A","AUCell",5.81063367979471,11
"A","UCell",7.95323469165561,11
"A","ssGSEA",9.52133745651165,12
"A","GSVA",13.121061033284,12
"A","zscore",9.32531203582979,12
"A","AUCell",6.7250064687644,12
"A","UCell",9.54561942995278,12
"A","ssGSEA",10.1492145661877,13
"A","GSVA",14.3033483568164,13
"A","zscore",10.3152236376801,13
"A","AUCell",7.94187958239988,13
"A","UCell",10.1460001685224,13
"A","ssGSEA",9.51399871749791,14
"A","GSVA",13.5967154674537,14
"A","zscore",9.6168341266953,14
"A","AUCell",8.68148014915609,14
"A","UCell",9.47916256996923,14
"A","ssGSEA",8.40312940537604,15
"A","GSVA",13.8964569831768,15
"A","zscore",8.28694759813625,15
"A","AUCell",6.87857604468549,15
"A","UCell",8.40430820694174,15
"A","ssGSEA",8.79590841775333,16
"A","GSVA",14.0739789160352,16
"A","zscore",8.9643148370968,16
"A","AUCell",6.67429654826371,16
"A","UCell",8.79085102775579,16
"A","ssGSEA",8.79339241139858,17
"A","GSVA",11.8333496690384,17
"A","zscore",9.19741374793127,17
"A","AUCell",6.51186977831293,17
"A","UCell",8.79433202618168,17
"A","ssGSEA",8.43115263387623,18
"A","GSVA",12.4686973025542,18
"A","zscore",9.26704385134703,18
"A","AUCell",7.53719695968346,18
"A","UCell",8.43426038273075,18
"A","ssGSEA",8.07785159445823,19
"A","GSVA",12.4416437530779,19
"A","zscore",8.41699407362612,19
"A","AUCell",6.96939456242051,19
"A","UCell",8.08419263314796,19
"A","ssGSEA",9.15592991761737,20
"A","GSVA",12.4777969545428,20
"A","zscore",9.14539914235793,20
"A","AUCell",6.71577234161473,20
"A","UCell",9.13790536679527,20
"A","ssGSEA",8.41307504168405,21
"A","GSVA",12.4456036100045,21
"A","zscore",8.17222009325388,21
"A","AUCell",5.60840398796457,21
"A","UCell",8.42677703387078,21
"A","ssGSEA",9.28373439680456,22
"A","GSVA",14.5311628207503,22
"A","zscore",10.5798318028157,22
"A","AUCell",9.50522341005415,22
"A","UCell",9.23091918774601,22
"A","ssGSEA",9.57550143315284,23
"A","GSVA",13.2761386428601,23
"A","zscore",9.40690686653649,23
"A","AUCell",6.80099994597328,23
"A","UCell",9.55899585855983,23
"A","ssGSEA",8.49140253605621,24
"A","GSVA",12.7711004466864,24
"A","zscore",8.4646619045643,24
"A","AUCell",6.32256277066201,24
"A","UCell",8.46450040865838,24
"A","ssGSEA",9.27142679361487,25
"A","GSVA",13.3045867957191,25
"A","zscore",9.67650406588925,25
"A","AUCell",7.1989156572367,25
"A","UCell",9.27765142142678,25
"A","ssGSEA",9.75959623727571,26
"A","GSVA",12.8622989343892,26
"A","zscore",8.97209021883454,26
"A","AUCell",6.25911900924139,26
"A","UCell",9.74662820400521,26
"A","ssGSEA",8.92969746801182,27
"A","GSVA",13.3391341206583,27
"A","zscore",9.35097656604412,27
"A","AUCell",7.41495503965076,27
"A","UCell",8.91713031118652,27
"A","ssGSEA",8.8072143352273,28
"A","GSVA",13.0729511929109,28
"A","zscore",9.66319572933192,28
"A","AUCell",7.57654128798047,28
"A","UCell",8.78510605469359,28
"A","ssGSEA",8.83747766093733,29
"A","GSVA",12.1900807647546,29
"A","zscore",8.62735356457931,29
"A","AUCell",5.45628642291888,29
"A","UCell",8.82620347454187,29
"A","ssGSEA",9.07180940683776,30
"A","GSVA",15.562334151999,30
"A","zscore",9.38597510754253,30
"A","AUCell",7.48277345728169,30
"A","UCell",9.06880530317749,30
"A","ssGSEA",10.0923948007574,31
"A","GSVA",14.455555788831,31
"A","zscore",10.3394058803662,31
"A","AUCell",8.19458404262602,31
"A","UCell",10.0524913712855,31
"A","ssGSEA",9.22063560409975,32
"A","GSVA",13.913363400665,32
"A","zscore",8.76341340487031,32
"A","AUCell",6.27067204473189,32
"A","UCell",9.23006494106146,32
"A","ssGSEA",8.29069882758756,33
"A","GSVA",11.8240138400736,33
"A","zscore",8.21694743015427,33
"A","AUCell",6.38306155119941,33
"A","UCell",8.31323786848331,33
"A","ssGSEA",13.4309859305789,34
"A","GSVA",17.0191856660619,34
"A","zscore",12.2076979835808,34
"A","AUCell",8.25169249118106,34
"A","UCell",13.3843070899787,34
"A","ssGSEA",8.68423767112759,35
"A","GSVA",12.1535607296206,35
"A","zscore",8.97750490619593,35
"A","AUCell",6.97780525929453,35
"A","UCell",8.66810432604398,35
"A","ssGSEA",9.14373786034737,36
"A","GSVA",12.4381823692548,36
"A","zscore",9.57401742223253,36
"A","AUCell",6.87920271943037,36
"A","UCell",9.14225402799036,36
"A","ssGSEA",7.89557902939189,37
"A","GSVA",10.9658282509486,37
"A","zscore",8.30595995059264,37
"A","AUCell",7.18383256705058,37
"A","UCell",7.8927000818983,37
"A","ssGSEA",9.98341275080218,38
"A","GSVA",15.2461377775903,38
"A","zscore",10.1688037788443,38
"A","AUCell",7.66559031041326,38
"A","UCell",9.9754638126795,38
"A","ssGSEA",9.04543829259415,39
"A","GSVA",14.2534897567883,39
"A","zscore",10.0888642566961,39
"A","AUCell",7.95629002733433,39
"A","UCell",9.02587940767855,39
"A","ssGSEA",10.1468618393992,40
"A","GSVA",16.3541921021497,40
"A","zscore",10.1902952747988,40
"A","AUCell",8.39306437606536,40
"A","UCell",10.1139499317734,40
"A","ssGSEA",13.8973567138292,41
"A","GSVA",18.1834820727349,41
"A","zscore",12.8848045093866,41
"A","AUCell",8.6525422175284,41
"A","UCell",13.8904033258679,41
"A","ssGSEA",7.93420194134428,42
"A","GSVA",11.8620161383413,42
"A","zscore",7.86283360703851,42
"A","AUCell",6.81177323242077,42
"A","UCell",7.9455871509389,42
"A","ssGSEA",8.94965712260643,43
"A","GSVA",13.0499489703224,43
"A","zscore",8.97793758344475,43
"A","AUCell",6.41655962834064,43
"A","UCell",8.97299432547991,43
"A","ssGSEA",8.3652925861416,44
"A","GSVA",12.7224953851149,44
"A","zscore",7.87963773415703,44
"A","AUCell",5.34353861959696,44
"A","UCell",8.35488602320102,44
"A","ssGSEA",7.21829913790181,45
"A","GSVA",11.7512265493066,45
"A","zscore",7.57246497717152,45
"A","AUCell",6.51087353374385,45
"A","UCell",7.21627608439498,45
"A","ssGSEA",8.80372109187964,46
"A","GSVA",13.425068819696,46
"A","zscore",8.76516069800509,46
"A","AUCell",7.97310531895545,46
"A","UCell",8.79969516886302,46
"A","ssGSEA",8.91239739233729,47
"A","GSVA",14.4601758492277,47
"A","zscore",9.37289800697931,47
"A","AUCell",6.85650269038013,47
"A","UCell",8.89988377554982,47
"A","ssGSEA",9.3878038770853,48
"A","GSVA",13.2910544742768,48
"A","zscore",9.30688328832444,48
"A","AUCell",6.1173714643761,48
"A","UCell",9.39103395116693,48
"A","ssGSEA",11.3561049408307,49
"A","GSVA",16.0245395618346,49
"A","zscore",11.3667455826377,49
"A","AUCell",7.82820519537007,49
"A","UCell",11.3931986117088,49
"A","ssGSEA",9.29120474169005,50
"A","GSVA",12.8530478147674,50
"A","zscore",8.9485217979716,50
"A","AUCell",6.57703745302265,50
"A","UCell",9.26197288490972,50
"A","ssGSEA",8.78298793408018,51
"A","GSVA",14.0693117581344,51
"A","zscore",9.77929634678455,51
"A","AUCell",7.88032694712646,51
"A","UCell",8.76583024303691,51
"A","ssGSEA",8.5583452891187,52
"A","GSVA",11.2556989118993,52
"A","zscore",8.57518050083581,52
"A","AUCell",7.26989848060478,52
"A","UCell",8.57007300997414,52
"A","ssGSEA",9.46957656518786,53
"A","GSVA",14.219205847352,53
"A","zscore",9.69588055591952,53
"A","AUCell",7.20552522496571,53
"A","UCell",9.47266181286343,53
"A","ssGSEA",9.3074173401844,54
"A","GSVA",12.264166426628,54
"A","zscore",9.16804110036957,54
"A","AUCell",6.79863619975917,54
"A","UCell",9.29389714780469,54
"A","ssGSEA",9.3853487639668,55
"A","GSVA",14.7243876736898,55
"A","zscore",9.3610658730848,55
"A","AUCell",6.19705484217369,55
"A","UCell",9.38125762277907,55
"A","ssGSEA",9.71019225477238,56
"A","GSVA",14.0035429948524,56
"A","zscore",9.85089326509871,56
"A","AUCell",6.40504183486969,56
"A","UCell",9.74775854512129,56
"A","ssGSEA",9.68274896409809,57
"A","GSVA",14.9761495652935,57
"A","zscore",9.98230891289432,57
"A","AUCell",7.5540756163264,57
"A","UCell",9.63464612755194,57
"A","ssGSEA",9.31281572268773,58
"A","GSVA",15.9327791513846,58
"A","zscore",9.52131339914715,58
"A","AUCell",7.29082984226762,58
"A","UCell",9.33136087817097,58
"A","ssGSEA",8.68425781386371,59
"A","GSVA",11.9139433056417,59
"A","zscore",8.69761020512119,59
"A","AUCell",7.96295316911581,59
"A","UCell",8.70378668935301,59
"A","ssGSEA",8.90844608557363,60
"A","GSVA",14.2217502096202,60
"A","zscore",8.7764297665593,60
"A","AUCell",6.86258887556265,60
"A","UCell",8.91115751789259,60
"A","ssGSEA",9.63048948031904,61
"A","GSVA",15.0636127981899,61
"A","zscore",9.69986575030011,61
"A","AUCell",6.95793058971391,61
"A","UCell",9.62810614494457,61
"A","ssGSEA",9.19262563520447,62
"A","GSVA",13.0583043791076,62
"A","zscore",8.70170943139685,62
"A","AUCell",6.81176720521746,62
"A","UCell",9.165718314402,62
"A","ssGSEA",10.5847174653571,63
"A","GSVA",16.0147367035037,63
"A","zscore",10.2193909421931,63
"A","AUCell",7.41381576663532,63
"A","UCell",10.5693421101326,63
"A","ssGSEA",8.70928400496411,64
"A","GSVA",13.4369822935507,64
"A","zscore",8.88817251964316,64
"A","AUCell",5.84532377235696,64
"A","UCell",8.70504051091534,64
"A","ssGSEA",9.9610012663322,65
"A","GSVA",14.6957055207103,65
"A","zscore",10.0534262222071,65
"A","AUCell",8.01941226853744,65
"A","UCell",9.95182767152562,65
"A","ssGSEA",9.70527302156669,66
"A","GSVA",14.5381910837265,66
"A","zscore",9.58466910313085,66
"A","AUCell",7.30947372389001,66
"A","UCell",9.68219872121802,66
"A","ssGSEA",9.74849891464852,67
"A","GSVA",14.9403034064873,67
"A","zscore",10.3771925012179,67
"A","AUCell",8.05147097102959,67
"A","UCell",9.71796511279416,67
"A","ssGSEA",7.38812479977262,68
"A","GSVA",11.6970292198386,68
"A","zscore",8.09713794875155,68
"A","AUCell",5.73416409719463,68
"A","UCell",7.37965950372289,68
"A","ssGSEA",9.50005124782396,69
"A","GSVA",12.887609753425,69
"A","zscore",9.74750552536232,69
"A","AUCell",7.01751149769664,69
"A","UCell",9.48821692048218,69
"A","ssGSEA",7.99274029150335,70
"A","GSVA",11.2902561958553,70
"A","zscore",8.10654862697246,70
"A","AUCell",6.75034208566416,70
"A","UCell",7.98359090367264,70
"A","ssGSEA",9.34626267502688,71
"A","GSVA",14.32814661028,71
"A","zscore",9.39880723260115,71
"A","AUCell",6.5766891201925,71
"A","UCell",9.34159651544825,71
"A","ssGSEA",8.47353825750183,72
"A","GSVA",12.7023455736579,72
"A","zscore",8.64542457399398,72
"A","AUCell",7.36047816956731,72
"A","UCell",8.46735075975565,72
"A","ssGSEA",9.40901052761026,73
"A","GSVA",16.0826355248788,73
"A","zscore",9.42950001436778,73
"A","AUCell",7.73534434905621,73
"A","UCell",9.3848361586304,73
"A","ssGSEA",9.86979188258619,74
"A","GSVA",13.4235824739833,74
"A","zscore",9.79835128543601,74
"A","AUCell",7.2967522046889,74
"A","UCell",9.85559624829901,74
"A","ssGSEA",8.67763764704637,75
"A","GSVA",12.4301681417179,75
"A","zscore",9.24096968150176,75
"A","AUCell",7.5342257586396,75
"A","UCell",8.66428355304376,75
"A","ssGSEA",8.85608128355234,76
"A","GSVA",14.2833548224915,76
"A","zscore",9.42142887172314,76
"A","AUCell",7.36217318100316,76
"A","UCell",8.78791782776249,76
"A","ssGSEA",8.50260863855975,77
"A","GSVA",12.8279147740919,77
"A","zscore",8.86602603715484,77
"A","AUCell",7.52016478630966,77
"A","UCell",8.48479650731929,77
"A","ssGSEA",9.6176333301785,78
"A","GSVA",16.3103595061851,78
"A","zscore",9.43221632378233,78
"A","AUCell",6.70218946675718,78
"A","UCell",9.59191146030377,78
"A","ssGSEA",7.61037666210503,79
"A","GSVA",11.5457391326884,79
"A","zscore",7.76006397697496,79
"A","AUCell",6.15798278158754,79
"A","UCell",7.61306516553727,79
"A","ssGSEA",7.51969669477784,80
"A","GSVA",11.4945954766095,80
"A","zscore",8.12868776032258,80
"A","AUCell",6.72822163786656,80
"A","UCell",7.51246344941,80
"A","ssGSEA",9.17185067068706,81
"A","GSVA",13.0388991715126,81
"A","zscore",8.74887552911599,81
"A","AUCell",7.0782309621276,81
"A","UCell",9.15921421267072,81
"A","ssGSEA",7.74196146400351,82
"A","GSVA",10.6254159519674,82
"A","zscore",8.17940207808402,82
"A","AUCell",6.70342952499153,82
"A","UCell",7.72630069583544,82
"A","ssGSEA",10.8307068468896,83
"A","GSVA",14.1665062143281,83
"A","zscore",10.3112550902204,83
"A","AUCell",7.68746750976957,83
"A","UCell",10.8269177120745,83
"A","ssGSEA",10.2204474642865,84
"A","GSVA",14.4719285255593,84
"A","zscore",10.5051585608235,84
"A","AUCell",6.05023427812432,84
"A","UCell",10.2279722211207,84
"A","ssGSEA",8.22315031450473,85
"A","GSVA",11.7006238555648,85
"A","zscore",9.00204048783872,85
"A","AUCell",8.12749233349655,85
"A","UCell",8.20991650600865,85
"A","ssGSEA",9.19765477430841,86
"A","GSVA",13.6778981609234,86
"A","zscore",9.65500017653403,86
"A","AUCell",8.7494798544119,86
"A","UCell",9.19261265546603,86
"A","ssGSEA",9.42965899523097,87
"A","GSVA",14.7507638068494,87
"A","zscore",9.14965415745029,87
"A","AUCell",6.29731824456035,87
"A","UCell",9.42169835369562,87
"A","ssGSEA",7.51452315136582,88
"A","GSVA",10.7432285807778,88
"A","zscore",8.01542328336549,88
"A","AUCell",7.54475611940424,88
"A","UCell",7.55177761977298,88
"A","ssGSEA",9.77943229182199,89
"A","GSVA",14.4529509427052,89
"A","zscore",9.40633539824811,89
"A","AUCell",7.08482892578257,89
"A","UCell",9.78527567538359,89
"A","ssGSEA",8.72233068701319,90
"A","GSVA",13.3814187439962,90
"A","zscore",9.36386064384451,90
"A","AUCell",7.01457346428837,90
"A","UCell",8.70396618604657,90
"A","ssGSEA",9.56514687529571,91
"A","GSVA",12.8547861928986,91
"A","zscore",9.30484715863925,91
"A","AUCell",6.45605458874759,91
"A","UCell",9.56588622828207,91
"A","ssGSEA",9.76487903104037,92
"A","GSVA",14.5632290113297,92
"A","zscore",10.2207793009698,92
"A","AUCell",6.88590477825563,92
"A","UCell",9.77779162701639,92
"A","ssGSEA",8.58418537079476,93
"A","GSVA",10.9168617774255,93
"A","zscore",8.25984154463472,93
"A","AUCell",5.65505469172656,93
"A","UCell",8.59587824342528,93
"A","ssGSEA",8.60744780153982,94
"A","GSVA",12.7274347031111,94
"A","zscore",8.54912909178138,94
"A","AUCell",6.36684508577922,94
"A","UCell",8.59721275058758,94
"A","ssGSEA",9.20687007643435,95
"A","GSVA",13.2374193057914,95
"A","zscore",9.28059448186427,95
"A","AUCell",6.4656957410624,95
"A","UCell",9.19335396380546,95
"A","ssGSEA",7.41891092891704,96
"A","GSVA",10.7920741242171,96
"A","zscore",7.67596601638628,96
"A","AUCell",7.75977202785612,96
"A","UCell",7.41114747304628,96
"A","ssGSEA",7.56538323495845,97
"A","GSVA",11.8371047426474,97
"A","zscore",8.38291340918379,97
"A","AUCell",8.16786774873023,97
"A","UCell",7.55783072579304,97
"A","ssGSEA",10.0060704099292,98
"A","GSVA",14.948079190352,98
"A","zscore",10.0078886775032,98
"A","AUCell",8.03255878112758,98
"A","UCell",9.98661701676998,98
"A","ssGSEA",8.13686622965511,99
"A","GSVA",11.9053579995787,99
"A","zscore",8.33332283437301,99
"A","AUCell",5.79634279502314,99
"A","UCell",8.13539491108809,99
"A","ssGSEA",8.44971685343337,100
"A","GSVA",13.9821789195113,100
"A","zscore",8.66951152537157,100
"A","AUCell",7.20576875346618,100
"A","UCell",8.4420182444559,100
"B","ssGSEA",10.9693359019953,1
"B","GSVA",15.3021482793322,1
"B","zscore",11.0510056280677,1
"B","AUCell",0,1
"B","UCell",0.25819888974716,1
"B","ssGSEA",8.94839965637726,2
"B","GSVA",13.7796534416346,2
"B","zscore",9.07751318386415,2
"B","AUCell",0,2
"B","UCell",0,2
"B","ssGSEA",8.27420602215331,3
"B","GSVA",12.8812254607172,3
"B","zscore",8.37951327701117,3
"B","AUCell",0,3
"B","UCell",0,3
"B","ssGSEA",9.06377933716767,4
"B","GSVA",12.7170885378021,4
"B","zscore",9.3885117196986,4
"B","AUCell",0,4
"B","UCell",0.443820862758478,4
"B","ssGSEA",9.8378017850403,5
"B","GSVA",13.9917992845119,5
"B","zscore",9.7995254149404,5
"B","AUCell",0,5
"B","UCell",0.3387288174223,5
"B","ssGSEA",8.09590847684537,6
"B","GSVA",11.6269418009377,6
"B","zscore",8.24034091839855,6
"B","AUCell",0,6
"B","UCell",0.258198889747157,6
"B","ssGSEA",8.10642083792019,7
"B","GSVA",13.1325699549341,7
"B","zscore",8.18044365657477,7
"B","AUCell",0,7
"B","UCell",0.268287043661911,7
"B","ssGSEA",8.34191049909735,8
"B","GSVA",13.9190421079736,8
"B","zscore",8.93750177901378,8
"B","AUCell",0,8
"B","UCell",0.347220370045545,8
"B","ssGSEA",9.44098563390881,9
"B","GSVA",13.5761566157814,9
"B","zscore",9.72161203029577,9
"B","AUCell",0,9
"B","UCell",0.369072755905271,9
"B","ssGSEA",9.54519487583764,10
"B","GSVA",13.7222491841571,10
"B","zscore",9.0914085544111,10
"B","AUCell",0,10
"B","UCell",0.337600057948222,10
"B","ssGSEA",10.9271696837617,11
"B","GSVA",17.5742394068693,11
"B","zscore",10.6776414100298,11
"B","AUCell",0,11
"B","UCell",0.258198889747161,11
"B","ssGSEA",9.4277939834687,12
"B","GSVA",12.2884803819646,12
"B","zscore",9.32414083385698,12
"B","AUCell",0,12
"B","UCell",0,12
"B","ssGSEA",7.86846179754821,13
"B","GSVA",11.6954884221789,13
"B","zscore",7.98104904867407,13
"B","AUCell",0,13
"B","UCell",0,13
"B","ssGSEA",8.5328728235825,14
"B","GSVA",12.9532636513846,14
"B","zscore",8.45775657393285,14
"B","AUCell",0,14
"B","UCell",0.258198889747137,14
"B","ssGSEA",8.585909230378,15
"B","GSVA",13.350980887289,15
"B","zscore",8.39693612425463,15
"B","AUCell",0,15
"B","UCell",0.258198889747161,15
"B","ssGSEA",8.0610815571512,16
"B","GSVA",11.6694327079445,16
"B","zscore",8.18310549990594,16
"B","AUCell",0,16
"B","UCell",0.450765511120006,16
"B","ssGSEA",7.89379477527057,17
"B","GSVA",12.7831006977671,17
"B","zscore",8.32979346324872,17
"B","AUCell",0,17
"B","UCell",0,17
"B","ssGSEA",7.29677576392167,18
"B","GSVA",10.7315562587625,18
"B","zscore",7.78176769868537,18
"B","AUCell",0,18
"B","UCell",0.363186056697383,18
"B","ssGSEA",9.13647777055999,19
"B","GSVA",16.0387731011644,19
"B","zscore",9.91683174235337,19
"B","AUCell",0,19
"B","UCell",0.362436821292021,19
"B","ssGSEA",10.0168345954653,20
"B","GSVA",13.2177457110317,20
"B","zscore",10.1452699558796,20
"B","AUCell",0,20
"B","UCell",0,20
"B","ssGSEA",8.93707977901217,21
"B","GSVA",12.7503456855806,21
"B","zscore",8.88369520104572,21
"B","AUCell",0,21
"B","UCell",0,21
"B","ssGSEA",9.10558893921225,22
"B","GSVA",13.5485601600786,22
"B","zscore",9.19102611133888,22
"B","AUCell",0,22
"B","UCell",0.258198889747162,22
"B","ssGSEA",9.44696823045913,23
"B","GSVA",13.2395284946252,23
"B","zscore",9.48394782199133,23
"B","AUCell",0,23
"B","UCell",0.547994800470435,23
"B","ssGSEA",7.24632463942204,24
"B","GSVA",11.152258049781,24
"B","zscore",7.47633873668196,24
"B","AUCell",0,24
"B","UCell",0.258198889747163,24
"B","ssGSEA",8.78045422069093,25
"B","GSVA",13.0112319897004,25
"B","zscore",8.85976409226398,25
"B","AUCell",0,25
"B","UCell",0.258198889747161,25
"B","ssGSEA",8.18906267756445,26
"B","GSVA",11.7700892062394,26
"B","zscore",8.3711708122015,26
"B","AUCell",0,26
"B","UCell",0,26
"B","ssGSEA",7.80486720812305,27
"B","GSVA",10.7589807505455,27
"B","zscore",7.98926222286741,27
"B","AUCell",0,27
"B","UCell",0,27
"B","ssGSEA",9.1165249159412,28
"B","GSVA",11.6600116401652,28
"B","zscore",9.10298724440735,28
"B","AUCell",0,28
"B","UCell",0.258198889747162,28
"B","ssGSEA",8.25649399647038,29
"B","GSVA",12.2380042195158,29
"B","zscore",8.57150399309119,29
"B","AUCell",0,29
"B","UCell",0.258198889747161,29
"B","ssGSEA",9.32076344896062,30
"B","GSVA",14.5570894270138,30
"B","zscore",9.17120027282911,30
"B","AUCell",0,30
"B","UCell",0.473362817555975,30
"B","ssGSEA",8.37992421388744,31
"B","GSVA",12.368840188995,31
"B","zscore",8.57608143661995,31
"B","AUCell",0,31
"B","UCell",0,31
"B","ssGSEA",8.20509170546387,32
"B","GSVA",11.1184550031223,32
"B","zscore",8.54994653700725,32
"B","AUCell",0,32
"B","UCell",0,32
"B","ssGSEA",8.33964174097218,33
"B","GSVA",13.9393286959242,33
"B","zscore",8.33827791906641,33
"B","AUCell",0,33
"B","UCell",0,33
"B","ssGSEA",8.7384065975665,34
"B","GSVA",13.2510095102309,34
"B","zscore",8.32391704411395,34
"B","AUCell",0,34
"B","UCell",0.258198889747161,34
"B","ssGSEA",8.64062561995416,35
"B","GSVA",12.1685534219248,35
"B","zscore",8.920438421272,35
"B","AUCell",0,35
"B","UCell",0.537379708786855,35
"B","ssGSEA",9.90362379980018,36
"B","GSVA",13.4340903214979,36
"B","zscore",10.2427159076767,36
"B","AUCell",0,36
"B","UCell",0.411271232795119,36
"B","ssGSEA",10.5372747987729,37
"B","GSVA",14.1322336041375,37
"B","zscore",10.4325040020302,37
"B","AUCell",0,37
"B","UCell",0.258198889747166,37
"B","ssGSEA",12.0874530851112,38
"B","GSVA",16.2353301818149,38
"B","zscore",11.4578148631735,38
"B","AUCell",0,38
"B","UCell",0,38
"B","ssGSEA",7.14340097825169,39
"B","GSVA",10.683781054933,39
"B","zscore",7.34166814330846,39
"B","AUCell",0,39
"B","UCell",0.362973426370996,39
"B","ssGSEA",8.70744147696731,40
"B","GSVA",12.5395105342224,40
"B","zscore",8.92701632115498,40
"B","AUCell",0,40
"B","UCell",0.258198889747142,40
"B","ssGSEA",8.97446208027926,41
"B","GSVA",12.1222685814683,41
"B","zscore",9.12927551434594,41
"B","AUCell",0,41
"B","UCell",0,41
"B","ssGSEA",10.06943537059,42
"B","GSVA",14.0166187538886,42
"B","zscore",10.0695473626142,42
"B","AUCell",0,42
"B","UCell",0.258198889747159,42
"B","ssGSEA",8.86377229243777,43
"B","GSVA",13.0162341642679,43
"B","zscore",9.45548286084568,43
"B","AUCell",0,43
"B","UCell",0.258198889747158,43
"B","ssGSEA",9.39733809267178,44
"B","GSVA",14.0634690584031,44
"B","zscore",9.32046344193063,44
"B","AUCell",0,44
"B","UCell",0.330806631666128,44
"B","ssGSEA",8.14165297577386,45
"B","GSVA",11.4762722465378,45
"B","zscore",8.4425839725225,45
"B","AUCell",0,45
"B","UCell",0.327839653465727,45
"B","ssGSEA",10.2586597043047,46
"B","GSVA",15.5161329643459,46
"B","zscore",10.7114796257538,46
"B","AUCell",0,46
"B","UCell",0,46
"B","ssGSEA",9.90007048727472,47
"B","GSVA",13.9479349832299,47
"B","zscore",9.92933765883846,47
"B","AUCell",0,47
"B","UCell",0.258198889747163,47
"B","ssGSEA",7.9950561695833,48
"B","GSVA",12.1387693934174,48
"B","zscore",8.3064144114748,48
"B","AUCell",0,48
"B","UCell",0.258198889747134,48
"B","ssGSEA",9.90421431688917,49
"B","GSVA",14.2346753237233,49
"B","zscore",9.92385030301529,49
"B","AUCell",0,49
"B","UCell",0,49
"B","ssGSEA",10.3440477288789,50
"B","GSVA",13.6898475811734,50
"B","zscore",10.1306447496883,50
"B","AUCell",0,50
"B","UCell",0.353019379341414,50
"B","ssGSEA",8.94153154796796,51
"B","GSVA",13.7263610868679,51
"B","zscore",9.6397774628341,51
"B","AUCell",0,51
"B","UCell",0.258198889747161,51
"B","ssGSEA",9.67984660814468,52
"B","GSVA",15.2358396930365,52
"B","zscore",9.87669844433951,52
"B","AUCell",0,52
"B","UCell",0.258198889747157,52
"B","ssGSEA",10.6855772072626,53
"B","GSVA",15.2255457124504,53
"B","zscore",11.0737279243017,53
"B","AUCell",0,53
"B","UCell",0.337285995273502,53
"B","ssGSEA",8.55684648283711,54
"B","GSVA",11.5421304801965,54
"B","zscore",8.64637927369083,54
"B","AUCell",0,54
"B","UCell",0.378898873626772,54
"B","ssGSEA",9.14628725906002,55
"B","GSVA",13.8901859068294,55
"B","zscore",9.56071743346072,55
"B","AUCell",0,55
"B","UCell",0,55
"B","ssGSEA",8.36226613316607,56
"B","GSVA",13.1136123047518,56
"B","zscore",8.1671800611534,56
"B","AUCell",0,56
"B","UCell",0,56
"B","ssGSEA",9.70575518568661,57
"B","GSVA",12.3746890922627,57
"B","zscore",9.56317045099567,57
"B","AUCell",0,57
"B","UCell",0.370749237503614,57
"B","ssGSEA",7.93792751698199,58
"B","GSVA",11.6691373069656,58
"B","zscore",7.99061062166905,58
"B","AUCell",0,58
"B","UCell",0,58
"B","ssGSEA",7.96031043474202,59
"B","GSVA",11.4734636458609,59
"B","zscore",8.10481218448255,59
"B","AUCell",0,59
"B","UCell",0,59
"B","ssGSEA",8.44563814981114,60
"B","GSVA",12.612287720933,60
"B","zscore",8.83466122570863,60
"B","AUCell",0,60
"B","UCell",0.281932750187063,60
"B","ssGSEA",7.53230100270063,61
"B","GSVA",11.7341267811848,61
"B","zscore",7.84995197575659,61
"B","AUCell",0,61
"B","UCell",0.473252147282348,61
"B","ssGSEA",8.12004540249881,62
"B","GSVA",10.8069172212866,62
"B","zscore",7.84505829475204,62
"B","AUCell",0,62
"B","UCell",0.258198889747157,62
"B","ssGSEA",9.39604949798624,63
"B","GSVA",13.1834546054053,63
"B","zscore",9.04672493699269,63
"B","AUCell",0,63
"B","UCell",0.275181235894758,63
"B","ssGSEA",7.7973397895275,64
"B","GSVA",11.3168685789879,64
"B","zscore",7.75173573361107,64
"B","AUCell",0,64
"B","UCell",0.258198889747159,64
"B","ssGSEA",8.54044942471876,65
"B","GSVA",13.473264965063,65
"B","zscore",8.70750707574543,65
"B","AUCell",0,65
"B","UCell",0.258198889747157,65
"B","ssGSEA",9.64659007100075,66
"B","GSVA",12.390947782857,66
"B","zscore",9.76903292499457,66
"B","AUCell",0,66
"B","UCell",0.258198889747174,66
"B","ssGSEA",8.94900242763747,67
"B","GSVA",14.7588226790733,67
"B","zscore",9.52706519646283,67
"B","AUCell",0,67
"B","UCell",0.310812261159158,67
"B","ssGSEA",8.5364497747852,68
"B","GSVA",12.5366734399694,68
"B","zscore",8.66169407984888,68
"B","AUCell",0,68
"B","UCell",0,68
"B","ssGSEA",10.4450804171267,69
"B","GSVA",14.8579102157652,69
"B","zscore",10.3223363975598,69
"B","AUCell",0,69
"B","UCell",0.258198889747164,69
"B","ssGSEA",9.12163835335642,70
"B","GSVA",14.1899026164751,70
"B","zscore",9.14048159487677,70
"B","AUCell",0,70
"B","UCell",0.478175962214359,70
"B","ssGSEA",8.81808912302099,71
"B","GSVA",14.95993792317,71
"B","zscore",8.704378283853,71
"B","AUCell",0,71
"B","UCell",0.258198889747159,71
"B","ssGSEA",10.1828503258532,72
"B","GSVA",14.8128565657061,72
"B","zscore",10.8347769802418,72
"B","AUCell",0,72
"B","UCell",0.272389610495136,72
"B","ssGSEA",8.91076794335416,73
"B","GSVA",13.7127580176555,73
"B","zscore",9.14276628852928,73
"B","AUCell",0,73
"B","UCell",0.300570415096785,73
"B","ssGSEA",8.75808938490638,74
"B","GSVA",14.7341976179135,74
"B","zscore",9.03005977775054,74
"B","AUCell",0,74
"B","UCell",0.349819209500666,74
"B","ssGSEA",8.17609862423265,75
"B","GSVA",13.846392957814,75
"B","zscore",8.70385469414006,75
"B","AUCell",0,75
"B","UCell",0,75
"B","ssGSEA",8.40679221689642,76
"B","GSVA",11.9079126128181,76
"B","zscore",8.65507978368944,76
"B","AUCell",0,76
"B","UCell",0.369679585759664,76
"B","ssGSEA",9.0941743998857,77
"B","GSVA",14.9712226346556,77
"B","zscore",9.7058287204475,77
"B","AUCell",0,77
"B","UCell",0,77
"B","ssGSEA",8.25164202619481,78
"B","GSVA",11.8255700404759,78
"B","zscore",8.32862435731322,78
"B","AUCell",0,78
"B","UCell",0,78
"B","ssGSEA",8.777324976788,79
"B","GSVA",12.7990307242737,79
"B","zscore",8.71861952024679,79
"B","AUCell",0,79
"B","UCell",0.293331366478018,79
"B","ssGSEA",8.17861139283885,80
"B","GSVA",11.9536588271709,80
"B","zscore",8.28363539886289,80
"B","AUCell",0,80
"B","UCell",0,80
"B","ssGSEA",8.95683970478357,81
"B","GSVA",12.4492567110563,81
"B","zscore",8.90545519030247,81
"B","AUCell",0,81
"B","UCell",0.422316166014354,81
"B","ssGSEA",8.25555277528668,82
"B","GSVA",11.8443906609937,82
"B","zscore",8.55844217698492,82
"B","AUCell",0,82
"B","UCell",0.328294242008498,82
"B","ssGSEA",7.83962809108828,83
"B","GSVA",10.6963866159867,83
"B","zscore",7.8193775319216,83
"B","AUCell",0,83
"B","UCell",0.291893352363125,83
"B","ssGSEA",9.01135490579561,84
"B","GSVA",12.5599634445273,84
"B","zscore",8.87246350161205,84
"B","AUCell",0,84
"B","UCell",0.395891073200534,84
"B","ssGSEA",10.1076931217085,85
"B","GSVA",14.6253420890531,85
"B","zscore",9.95487196861227,85
"B","AUCell",0,85
"B","UCell",0.258198889747166,85
"B","ssGSEA",9.87402401728135,86
"B","GSVA",15.2630378563423,86
"B","zscore",10.1077047330129,86
"B","AUCell",0,86
"B","UCell",0,86
"B","ssGSEA",9.25069004309107,87
"B","GSVA",13.7576615717802,87
"B","zscore",9.74543818003958,87
"B","AUCell",0,87
"B","UCell",0.258198889747159,87
"B","ssGSEA",9.66953460473396,88
"B","GSVA",14.2681328392835,88
"B","zscore",9.382490339777,88
"B","AUCell",0,88
"B","UCell",0.287016325122532,88
"B","ssGSEA",7.89111929304787,89
"B","GSVA",11.7568195645151,89
"B","zscore",8.11003695360798,89
"B","AUCell",0,89
"B","UCell",0,89
"B","ssGSEA",8.61820191391011,90
"B","GSVA",12.8022074810877,90
"B","zscore",9.01016913742649,90
"B","AUCell",0,90
"B","UCell",0.370755499491797,90
"B","ssGSEA",8.45989842007059,91
"B","GSVA",12.9662259128122,91
"B","zscore",8.83038065382756,91
"B","AUCell",0,91
"B","UCell",0.308472872550597,91
"B","ssGSEA",10.3562066810892,92
"B","GSVA",14.5325703860076,92
"B","zscore",10.5880040256033,92
"B","AUCell",0,92
"B","UCell",0.368886547970485,92
"B","ssGSEA",7.69986632484385,93
"B","GSVA",12.2661967493671,93
"B","zscore",7.80668706838822,93
"B","AUCell",0,93
"B","UCell",0.350297244277354,93
"B","ssGSEA",9.27083894630185,94
"B","GSVA",12.3828356094321,94
"B","zscore",9.13227102981554,94
"B","AUCell",0,94
"B","UCell",0,94
"B","ssGSEA",8.11995476391176,95
"B","GSVA",12.4678606241459,95
"B","zscore",8.63223916713071,95
"B","AUCell",0,95
"B","UCell",0.323596987694034,95
"B","ssGSEA",8.12433343039077,96
"B","GSVA",12.3066366449024,96
"B","zscore",7.96166045369026,96
"B","AUCell",0,96
"B","UCell",0.341916301564875,96
"B","ssGSEA",9.21452649460486,97
"B","GSVA",13.2612658620948,97
"B","zscore",9.58939868777845,97
"B","AUCell",0,97
"B","UCell",0,97
"B","ssGSEA",9.56517366347091,98
"B","GSVA",14.3805948078676,98
"B","zscore",10.0555076839524,98
"B","AUCell",0,98
"B","UCell",0,98
"B","ssGSEA",10.111134514577,99
"B","GSVA",13.9144827559277,99
"B","zscore",10.6987841651737,99
"B","AUCell",0,99
"B","UCell",0.258198889747242,99
"B","ssGSEA",8.53128293269012,100
"B","GSVA",11.7679351755162,100
"B","zscore",8.66003233774287,100
"B","AUCell",0,100
"B","UCell",0.258198889747163,100
"C","ssGSEA",7.19941093780721,1
"C","GSVA",13.7082141477049,1
"C","zscore",9.56115796887938,1
"C","AUCell",4.77306241397172,1
"C","UCell",7.20552430539312,1
"C","ssGSEA",5.46652684204688,2
"C","GSVA",10.7057388136171,2
"C","zscore",8.09774633231484,2
"C","AUCell",2.92286534111167,2
"C","UCell",5.47655275082818,2
"C","ssGSEA",5.37450725929299,3
"C","GSVA",10.4137939667933,3
"C","zscore",7.97068915990408,3
"C","AUCell",3.75807815366046,3
"C","UCell",5.36271082273452,3
"C","ssGSEA",6.72160401302399,4
"C","GSVA",14.1330973668528,4
"C","zscore",10.1355294457841,4
"C","AUCell",3.90258338322609,4
"C","UCell",6.71087081974597,4
"C","ssGSEA",6.21138348190958,5
"C","GSVA",12.7402930229914,5
"C","zscore",9.5637123911672,5
"C","AUCell",3.75113600578686,5
"C","UCell",6.22150321251177,5
"C","ssGSEA",7.18464373804902,6
"C","GSVA",15.8470631170901,6
"C","zscore",10.8153433744188,6
"C","AUCell",3.52974330341836,6
"C","UCell",7.19543169106803,6
"C","ssGSEA",6.15766482073474,7
"C","GSVA",12.919568385663,7
"C","zscore",8.80569754559953,7
"C","AUCell",4.04912653710035,7
"C","UCell",6.14335467124153,7
"C","ssGSEA",5.87689769148869,8
"C","GSVA",12.2879387031328,8
"C","zscore",8.84219704217303,8
"C","AUCell",4.37096589306465,8
"C","UCell",5.86906342168292,8
"C","ssGSEA",6.12424055638453,9
"C","GSVA",11.669613465474,9
"C","zscore",8.52249754739173,9
"C","AUCell",3.39038960431613,9
"C","UCell",6.15540300497191,9
"C","ssGSEA",6.35539946732808,10
"C","GSVA",15.7087761806868,10
"C","zscore",10.3390568405308,10
"C","AUCell",4.26880532662523,10
"C","UCell",6.35970215376805,10
"C","ssGSEA",6.57626295071995,11
"C","GSVA",11.6188952508802,11
"C","zscore",9.59555595394352,11
"C","AUCell",3.31465274324445,11
"C","UCell",6.57520539471616,11
"C","ssGSEA",5.26839237110606,12
"C","GSVA",10.02423617681,12
"C","zscore",7.65813334836982,12
"C","AUCell",3.74614248900716,12
"C","UCell",5.2526975543803,12
"C","ssGSEA",4.87686564803867,13
"C","GSVA",9.97118300546912,13
"C","zscore",7.44731756548274,13
"C","AUCell",3.75845420630138,13
"C","UCell",4.88122128894792,13
"C","ssGSEA",5.2935569660875,14
"C","GSVA",10.3484497951756,14
"C","zscore",8.33367130795046,14
"C","AUCell",3.49360411713848,14
"C","UCell",5.29848941181946,14
"C","ssGSEA",6.27919542480101,15
"C","GSVA",12.5163592109402,15
"C","zscore",8.58487643633546,15
"C","AUCell",3.97065517761602,15
"C","UCell",6.29406461757079,15
"C","ssGSEA",5.01762958502059,16
"C","GSVA",9.66660042410742,16
"C","zscore",7.69165345855672,16
"C","AUCell",2.8021197268127,16
"C","UCell",5.03182702639228,16
"C","ssGSEA",5.70077753168343,17
"C","GSVA",11.6109927120439,17
"C","zscore",8.41862470483495,17
"C","AUCell",4.36151293788562,17
"C","UCell",5.697584430581,17
"C","ssGSEA",5.7622976478206,18
"C","GSVA",12.9855150280007,18
"C","zscore",9.46933735861171,18
"C","AUCell",4.26679921803106,18
"C","UCell",5.75477692752215,18
"C","ssGSEA",6.6898846780601,19
"C","GSVA",12.028094321465,19
"C","zscore",8.85904241713007,19
"C","AUCell",3.58018278239474,19
"C","UCell",6.7004210448134,19
"C","ssGSEA",7.00651032522654,20
"C","GSVA",15.03130037483,20
"C","zscore",9.71024996643315,20
"C","AUCell",4.20736067560445,20
"C","UCell",7.02865675175074,20
"C","ssGSEA",5.79558440576784,21
"C","GSVA",11.475276269169,21
"C","zscore",8.8753418605659,21
"C","AUCell",4.21316033592514,21
"C","UCell",5.80045656730614,21
"C","ssGSEA",6.63746952783447,22
"C","GSVA",11.8577623036964,22
"C","zscore",10.0386235717625,22
"C","AUCell",4.6126793861714,22
"C","UCell",6.62522196266796,22
"C","ssGSEA",7.04685321164744,23
"C","GSVA",12.5334280869216,23
"C","zscore",9.62881366742797,23
"C","AUCell",3.94581320137271,23
"C","UCell",7.04401877569282,23
"C","ssGSEA",6.65555177280972,24
"C","GSVA",11.7317866337209,24
"C","zscore",9.63611891072516,24
"C","AUCell",4.83525139625747,24
"C","UCell",6.65279123997799,24
"C","ssGSEA",6.58087345152498,25
"C","GSVA",14.2230868831223,25
"C","zscore",9.6419302635657,25
"C","AUCell",5.02315173649249,25
"C","UCell",6.58021492410882,25
"C","ssGSEA",6.19858379631273,26
"C","GSVA",13.3984070334665,26
"C","zscore",9.45943243574484,26
"C","AUCell",4.16163924121519,26
"C","UCell",6.19778961247592,26
"C","ssGSEA",6.72629659140738,27
"C","GSVA",12.2561614083476,27
"C","zscore",8.92170534228371,27
"C","AUCell",4.05400461746496,27
"C","UCell",6.72727814468288,27
"C","ssGSEA",5.88135522043434,28
"C","GSVA",13.2265550689914,28
"C","zscore",9.67252128866261,28
"C","AUCell",3.34556705360512,28
"C","UCell",5.87616682447068,28
"C","ssGSEA",6.29618799927219,29
"C","GSVA",13.5074219513695,29
"C","zscore",9.65471796304265,29
"C","AUCell",4.04510167927337,29
"C","UCell",6.28266915041992,29
"C","ssGSEA",5.50368535471845,30
"C","GSVA",10.8547187752927,30
"C","zscore",8.21941523993088,30
"C","AUCell",3.46146303396489,30
"C","UCell",5.51439508420654,30
"C","ssGSEA",5.83444365691285,31
"C","GSVA",13.1811366585019,31
"C","zscore",8.77049207207703,31
"C","AUCell",3.40979659032699,31
"C","UCell",5.84742670797171,31
"C","ssGSEA",5.4559288493796,32
"C","GSVA",10.9452236627194,32
"C","zscore",7.82003865284543,32
"C","AUCell",3.49587550043598,32
"C","UCell",5.48663647479057,32
"C","ssGSEA",5.49955640733265,33
"C","GSVA",12.5556459363125,33
"C","zscore",8.83663543723629,33
"C","AUCell",3.64670126209229,33
"C","UCell",5.5056145497372,33
"C","ssGSEA",5.97760762376649,34
"C","GSVA",13.0701977630353,34
"C","zscore",8.85501513593482,34
"C","AUCell",4.63734368772661,34
"C","UCell",5.97224195969489,34
"C","ssGSEA",5.75140447549298,35
"C","GSVA",11.9680137791261,35
"C","zscore",8.5090399939333,35
"C","AUCell",3.65655521622853,35
"C","UCell",5.76595249233198,35
"C","ssGSEA",5.9735257862476,36
"C","GSVA",13.3570179209709,36
"C","zscore",8.96698408194936,36
"C","AUCell",4.46301104752675,36
"C","UCell",5.9606225068086,36
"C","ssGSEA",7.08441540854717,37
"C","GSVA",14.0970018116352,37
"C","zscore",9.57653450117169,37
"C","AUCell",4.04470719429596,37
"C","UCell",7.12330198730212,37
"C","ssGSEA",6.38656155385807,38
"C","GSVA",12.5495986294665,38
"C","zscore",9.64529194700873,38
"C","AUCell",4.53461054047392,38
"C","UCell",6.36712326244929,38
"C","ssGSEA",7.48399988297744,39
"C","GSVA",16.4338188856135,39
"C","zscore",11.779829769449,39
"C","AUCell",5.44791484311955,39
"C","UCell",7.46226912542671,39
"C","ssGSEA",5.67469005314134,40
"C","GSVA",10.8507736503702,40
"C","zscore",8.92842928565335,40
"C","AUCell",3.90003232171296,40
"C","UCell",5.67246557304803,40
"C","ssGSEA",6.55126540389367,41
"C","GSVA",13.1595385748444,41
"C","zscore",10.2857316687131,41
"C","AUCell",5.0551561097681,41
"C","UCell",6.55123700135731,41
"C","ssGSEA",6.36443770370916,42
"C","GSVA",15.1749718897759,42
"C","zscore",10.1676715508762,42
"C","AUCell",4.14722586110244,42
"C","UCell",6.37437176119557,42
"C","ssGSEA",5.87721953059224,43
"C","GSVA",11.3510356296126,43
"C","zscore",8.19031987821641,43
"C","AUCell",3.85846496844583,43
"C","UCell",5.87104706615763,43
"C","ssGSEA",6.91723535738518,44
"C","GSVA",14.7404847623574,44
"C","zscore",9.95366049222558,44
"C","AUCell",4.28678446875484,44
"C","UCell",6.92497673804704,44
"C","ssGSEA",6.57895963944753,45
"C","GSVA",11.379841799456,45
"C","zscore",9.34960234317662,45
"C","AUCell",3.7048984522979,45
"C","UCell",6.58339357544313,45
"C","ssGSEA",7.11592050627691,46
"C","GSVA",11.9206561449154,46
"C","zscore",10.2590928070092,46
"C","AUCell",4.07582518879636,46
"C","UCell",7.14039385949474,46
"C","ssGSEA",5.56002141395277,47
"C","GSVA",12.9541019460954,47
"C","zscore",8.81182983081291,47
"C","AUCell",3.50829322279986,47
"C","UCell",5.58066305689102,47
"C","ssGSEA",7.00914842180555,48
"C","GSVA",14.6712062202203,48
"C","zscore",9.86850492477092,48
"C","AUCell",4.37544610166765,48
"C","UCell",7.00810029486196,48
"C","ssGSEA",5.66719210505566,49
"C","GSVA",12.8858162438809,49
"C","zscore",8.93428131402635,49
"C","AUCell",4.64589536132833,49
"C","UCell",5.67774317792847,49
"C","ssGSEA",6.51800617273791,50
"C","GSVA",12.2301920014391,50
"C","zscore",9.0769685400843,50
"C","AUCell",3.42000582728319,50
"C","UCell",6.53841276285876,50
"C","ssGSEA",5.82856358694287,51
"C","GSVA",11.0380057697649,51
"C","zscore",8.31773887216238,51
"C","AUCell",3.60938733757732,51
"C","UCell",5.83618759652867,51
"C","ssGSEA",5.18684310665204,52
"C","GSVA",11.8141113483523,52
"C","zscore",7.73093421873003,52
"C","AUCell",3.30055013940446,52
"C","UCell",5.19089971392043,52
"C","ssGSEA",6.85343988341721,53
"C","GSVA",12.9687867183527,53
"C","zscore",10.3432317965602,53
"C","AUCell",3.90736423462884,53
"C","UCell",6.84874241437535,53
"C","ssGSEA",6.18920826900108,54
"C","GSVA",12.2901576796537,54
"C","zscore",9.69798653305604,54
"C","AUCell",4.08851020686943,54
"C","UCell",6.16385088236476,54
"C","ssGSEA",5.53612744948194,55
"C","GSVA",11.5616301864867,55
"C","zscore",8.39534280486913,55
"C","AUCell",3.13733128352429,55
"C","UCell",5.53985478638386,55
"C","ssGSEA",4.94323704730513,56
"C","GSVA",10.5981764639438,56
"C","zscore",7.85758169095696,56
"C","AUCell",3.46384706558514,56
"C","UCell",4.94315688381123,56
"C","ssGSEA",5.71429911064011,57
"C","GSVA",11.1496081314566,57
"C","zscore",8.79434165113547,57
"C","AUCell",3.43049229271944,57
"C","UCell",5.72732287361301,57
"C","ssGSEA",6.32624344134546,58
"C","GSVA",12.9581875021792,58
"C","zscore",9.33849393584652,58
"C","AUCell",3.56075328349241,58
"C","UCell",6.33094309740263,58
"C","ssGSEA",6.58123023219723,59
"C","GSVA",13.187927115717,59
"C","zscore",9.87404627436606,59
"C","AUCell",4.49795558865713,59
"C","UCell",6.60633588569242,59
"C","ssGSEA",8.41294785897814,60
"C","GSVA",16.9337066461539,60
"C","zscore",12.466838152186,60
"C","AUCell",4.36811429878832,60
"C","UCell",8.40556034314282,60
"C","ssGSEA",5.6410929420194,61
"C","GSVA",12.8319676875017,61
"C","zscore",8.91327583167571,61
"C","AUCell",4.39432627206348,61
"C","UCell",5.64466390109389,61
"C","ssGSEA",5.85857308864289,62
"C","GSVA",12.4082009227464,62
"C","zscore",8.92239378269321,62
"C","AUCell",3.78199022082533,62
"C","UCell",5.8663245056832,62
"C","ssGSEA",6.3337794745193,63
"C","GSVA",12.5027769030629,63
"C","zscore",9.31143115262815,63
"C","AUCell",3.74142899093189,63
"C","UCell",6.33874834716455,63
"C","ssGSEA",6.25171415586015,64
"C","GSVA",11.6589249013776,64
"C","zscore",9.03298030900449,64
"C","AUCell",3.10151475206549,64
"C","UCell",6.25403608231145,64
"C","ssGSEA",4.9075840936029,65
"C","GSVA",10.2329515602857,65
"C","zscore",7.67999498296008,65
"C","AUCell",3.14243148016067,65
"C","UCell",4.91099953259535,65
"C","ssGSEA",5.43402122421188,66
"C","GSVA",11.0259460128933,66
"C","zscore",8.1163405628404,66
"C","AUCell",3.91074492295051,66
"C","UCell",5.44859053086752,66
"C","ssGSEA",6.36736704634593,67
"C","GSVA",13.4285266886758,67
"C","zscore",9.59406416852509,67
"C","AUCell",3.92403827070524,67
"C","UCell",6.3811993865011,67
"C","ssGSEA",6.5820150546509,68
"C","GSVA",13.2746258817473,68
"C","zscore",9.89267411332312,68
"C","AUCell",4.40390380559306,68
"C","UCell",6.5668704981746,68
"C","ssGSEA",6.80147752513687,69
"C","GSVA",13.2900966752251,69
"C","zscore",10.3802891943858,69
"C","AUCell",4.68339415059847,69
"C","UCell",6.80438709810749,69
"C","ssGSEA",7.14537044182,70
"C","GSVA",15.9572197348471,70
"C","zscore",10.5249092182999,70
"C","AUCell",6.65850112939907,70
"C","UCell",7.10052198906266,70
"C","ssGSEA",6.38106649290541,71
"C","GSVA",12.751962940675,71
"C","zscore",9.20238047900455,71
"C","AUCell",3.78272214314142,71
"C","UCell",6.38896469583426,71
"C","ssGSEA",6.51382735953162,72
"C","GSVA",12.6072414169636,72
"C","zscore",9.67859641519824,72
"C","AUCell",3.97501186646202,72
"C","UCell",6.5376540020486,72
"C","ssGSEA",6.82495526222166,73
"C","GSVA",12.3537960841945,73
"C","zscore",9.01859518672193,73
"C","AUCell",3.94315100642166,73
"C","UCell",6.83009856275088,73
"C","ssGSEA",6.09137954337555,74
"C","GSVA",12.298712568316,74
"C","zscore",8.77064890245649,74
"C","AUCell",3.60890417212307,74
"C","UCell",6.09833739891215,74
"C","ssGSEA",5.57152322891236,75
"C","GSVA",10.3686206741241,75
"C","zscore",8.22579342125856,75
"C","AUCell",3.88042688314022,75
"C","UCell",5.55156975500887,75
"C","ssGSEA",5.53959992764111,76
"C","GSVA",10.0570562181152,76
"C","zscore",8.31827911897715,76
"C","AUCell",4.18303855324834,76
"C","UCell",5.53586944665256,76
"C","ssGSEA",6.52847551353422,77
"C","GSVA",12.5072061259711,77
"C","zscore",8.96028501321955,77
"C","AUCell",3.83325778965254,77
"C","UCell",6.53074934470436,77
"C","ssGSEA",6.11678342148904,78
"C","GSVA",12.1561426306507,78
"C","zscore",8.90768953943335,78
"C","AUCell",3.49355544702005,78
"C","UCell",6.12275664817751,78
"C","ssGSEA",5.41208278098469,79
"C","GSVA",11.4413429717562,79
"C","zscore",8.25915776416262,79
"C","AUCell",4.72023273549393,79
"C","UCell",5.40374944155456,79
"C","ssGSEA",5.70526714805042,80
"C","GSVA",12.6074650182675,80
"C","zscore",9.01003870982403,80
"C","AUCell",4.01387024032911,80
"C","UCell",5.71291402252934,80
"C","ssGSEA",5.30921827590296,81
"C","GSVA",10.5700655455034,81
"C","zscore",8.0927688620414,81
"C","AUCell",3.67966637637589,81
"C","UCell",5.31565154029296,81
"C","ssGSEA",6.37206253106576,82
"C","GSVA",13.8542283808954,82
"C","zscore",9.72764434218345,82
"C","AUCell",3.81132723158842,82
"C","UCell",6.38905189112336,82
"C","ssGSEA",6.61542480868053,83
"C","GSVA",14.5177381760868,83
"C","zscore",10.0881157619783,83
"C","AUCell",4.25370292972002,83
"C","UCell",6.62162201394844,83
"C","ssGSEA",6.75180490524687,84
"C","GSVA",14.1618836134889,84
"C","zscore",9.81684357575317,84
"C","AUCell",4.74815612219037,84
"C","UCell",6.75718353325476,84
"C","ssGSEA",6.25049046582908,85
"C","GSVA",12.1536156465138,85
"C","zscore",9.46903624376321,85
"C","AUCell",3.67928402487103,85
"C","UCell",6.26082113209647,85
"C","ssGSEA",5.92864485094207,86
"C","GSVA",12.2579277066288,86
"C","zscore",9.28949437199576,86
"C","AUCell",3.9093951130711,86
"C","UCell",5.92022849396116,86
"C","ssGSEA",6.98217556109897,87
"C","GSVA",12.4932534417864,87
"C","zscore",9.47711762403653,87
"C","AUCell",3.34253364573066,87
"C","UCell",6.97764999171236,87
"C","ssGSEA",6.80654428927877,88
"C","GSVA",12.044319433691,88
"C","zscore",9.21574722824319,88
"C","AUCell",4.57853636478822,88
"C","UCell",6.79692406215075,88
"C","ssGSEA",5.75424889155586,89
"C","GSVA",12.7381680946348,89
"C","zscore",8.87084651305017,89
"C","AUCell",4.55161652808615,89
"C","UCell",5.75018321480888,89
"C","ssGSEA",6.3236838279764,90
"C","GSVA",13.1709150517512,90
"C","zscore",9.2020373522123,90
"C","AUCell",4.08354192668167,90
"C","UCell",6.32179593491606,90
"C","ssGSEA",7.55182058347997,91
"C","GSVA",16.9898752776737,91
"C","zscore",10.7393130799741,91
"C","AUCell",5.07701373952455,91
"C","UCell",7.56017948236137,91
"C","ssGSEA",6.36857441381595,92
"C","GSVA",11.939729279993,92
"C","zscore",9.3819898878325,92
"C","AUCell",3.96307544085405,92
"C","UCell",6.3762282169187,92
"C","ssGSEA",5.90848776691668,93
"C","GSVA",12.017592308243,93
"C","zscore",9.14109143019404,93
"C","AUCell",3.8873018303281,93
"C","UCell",5.91404292350893,93
"C","ssGSEA",6.56192231370992,94
"C","GSVA",13.9756250837235,94
"C","zscore",9.51958224391006,94
"C","AUCell",4.03568478055428,94
"C","UCell",6.57169338354907,94
"C","ssGSEA",6.85212631018043,95
"C","GSVA",13.6762864078238,95
"C","zscore",10.0671656676431,95
"C","AUCell",4.25778794116529,95
"C","UCell",6.85558245444705,95
"C","ssGSEA",5.46895311366234,96
"C","GSVA",12.9726052328251,96
"C","zscore",8.12690443828924,96
"C","AUCell",4.0227415815998,96
"C","UCell",5.47088120671828,96
"C","ssGSEA",5.71604225314405,97
"C","GSVA",12.1075964141497,97
"C","zscore",8.65705659637651,97
"C","AUCell",4.46735718278117,97
"C","UCell",5.69850414437424,97
"C","ssGSEA",5.43706440953018,98
"C","GSVA",11.2460602943081,98
"C","zscore",7.72954277238991,98
"C","AUCell",3.15604776920948,98
"C","UCell",5.43803585780257,98
"C","ssGSEA",5.67307226721395,99
"C","GSVA",11.4747237664098,99
"C","zscore",8.72310129887188,99
"C","AUCell",3.48847175996507,99
"C","UCell",5.68888390008058,99
"C","ssGSEA",6.38767639503773,100
"C","GSVA",11.7869292359162,100
"C","zscore",8.96293414772477,100
"C","AUCell",3.99092414683109,100
"C","UCell",6.38392388711137,100
"D","ssGSEA",3.01101716318622,1
"D","GSVA",14.9124718816961,1
"D","zscore",11.0154440071386,1
"D","AUCell",0.492318759991116,1
"D","UCell",3.02354318483525,1
"D","ssGSEA",1.82493361700415,2
"D","GSVA",10.367619576498,2
"D","zscore",8.11790011169662,2
"D","AUCell",0.0408367685706725,2
"D","UCell",1.83195271320179,2
"D","ssGSEA",2.21783899643502,3
"D","GSVA",12.9390019579111,3
"D","zscore",10.9193693995054,3
"D","AUCell",-0.169917815734386,3
"D","UCell",2.21770696331849,3
"D","ssGSEA",2.47156714437268,4
"D","GSVA",12.3417517168775,4
"D","zscore",10.0212559231472,4
"D","AUCell",0.142929697846933,4
"D","UCell",2.48483798894227,4
"D","ssGSEA",2.03119506800086,5
"D","GSVA",10.5519753603597,5
"D","zscore",7.93113450280587,5
"D","AUCell",0.00800956517557254,5
"D","UCell",2.0443538412969,5
"D","ssGSEA",1.98975585894312,6
"D","GSVA",10.7538308543039,6
"D","zscore",8.38615030999975,6
"D","AUCell",0.275882972380914,6
"D","UCell",2.00356062281823,6
"D","ssGSEA",1.92199241817786,7
"D","GSVA",9.90552281315225,7
"D","zscore",8.05516675860388,7
"D","AUCell",0.092404564945543,7
"D","UCell",1.92971610317507,7
"D","ssGSEA",2.79215370856897,8
"D","GSVA",13.5772580217582,8
"D","zscore",9.63448721318296,8
"D","AUCell",0.558644153475401,8
"D","UCell",2.80360630587965,8
"D","ssGSEA",2.06027466014488,9
"D","GSVA",12.0704926740582,9
"D","zscore",9.60269968227182,9
"D","AUCell",-0.194803177472041,9
"D","UCell",2.06967234677461,9
"D","ssGSEA",2.2107528248184,10
"D","GSVA",10.6604345802414,10
"D","zscore",9.22398871923758,10
"D","AUCell",0.0706116011760774,10
"D","UCell",2.22511486045524,10
"D","ssGSEA",2.47088206356543,11
"D","GSVA",12.3370463497687,11
"D","zscore",9.6468237993674,11
"D","AUCell",0.278697720291,11
"D","UCell",2.47769531431318,11
"D","ssGSEA",2.59387780125634,12
"D","GSVA",11.9939550221029,12
"D","zscore",10.3565825063803,12
"D","AUCell",0.439716545680629,12
"D","UCell",2.6017526015671,12
"D","ssGSEA",2.142927403829,13
"D","GSVA",11.1480785315341,13
"D","zscore",8.83156564541541,13
"D","AUCell",0.025051597862117,13
"D","UCell",2.15311491323358,13
"D","ssGSEA",2.00185218687833,14
"D","GSVA",11.0111680939439,14
"D","zscore",8.0048229954715,14
"D","AUCell",-0.412594618258503,14
"D","UCell",2.02617844240724,14
"D","ssGSEA",2.27110273729352,15
"D","GSVA",13.181309315994,15
"D","zscore",9.58515003937267,15
"D","AUCell",-0.0597408435920528,15
"D","UCell",2.28683337586989,15
"D","ssGSEA",2.36917522684287,16
"D","GSVA",11.6442373771727,16
"D","zscore",9.5222649497377,16
"D","AUCell",0.36562155180422,16
"D","UCell",2.37554418065342,16
"D","ssGSEA",2.43361840837584,17
"D","GSVA",14.7406243455856,17
"D","zscore",9.83003756390561,17
"D","AUCell",0.083817665401462,17
"D","UCell",2.44694885586946,17
"D","ssGSEA",2.5527845184325,18
"D","GSVA",12.7089801107162,18
"D","zscore",9.99444392831239,18
"D","AUCell",0.118052064374463,18
"D","UCell",2.5626688584774,18
"D","ssGSEA",2.19455714991759,19
"D","GSVA",11.0657131569636,19
"D","zscore",8.37625503503504,19
"D","AUCell",0.377568177178498,19
"D","UCell",2.21004159060214,19
"D","ssGSEA",2.33988215364825,20
"D","GSVA",12.6943740726909,20
"D","zscore",10.0713722146626,20
"D","AUCell",-0.0721972366637877,20
"D","UCell",2.35507885321777,20
"D","ssGSEA",1.83516657304001,21
"D","GSVA",11.0550863328036,21
"D","zscore",8.60721483044702,21
"D","AUCell",-0.0370909984624593,21
"D","UCell",1.84338103178535,21
"D","ssGSEA",1.91316261605108,22
"D","GSVA",10.319608841589,22
"D","zscore",8.06116214870605,22
"D","AUCell",-0.0906440852631965,22
"D","UCell",1.92549068205844,22
"D","ssGSEA",2.19797475052045,23
"D","GSVA",11.3770697023109,23
"D","zscore",9.75342822394931,23
"D","AUCell",0.0475672759401841,23
"D","UCell",2.21267194422465,23
"D","ssGSEA",2.54665600400967,24
"D","GSVA",12.478713575529,24
"D","zscore",9.46403009616501,24
"D","AUCell",0.0262100608820806,24
"D","UCell",2.56770996208307,24
"D","ssGSEA",2.65738932937413,25
"D","GSVA",14.2401541384705,25
"D","zscore",11.1138436710383,25
"D","AUCell",0.160001898729471,25
"D","UCell",2.67408878989656,25
"D","ssGSEA",2.65456204599134,26
"D","GSVA",13.2087646907882,26
"D","zscore",10.5506865364574,26
"D","AUCell",0.0290731593375924,26
"D","UCell",2.66678933266176,26
"D","ssGSEA",2.10996272048961,27
"D","GSVA",11.9129279731684,27
"D","zscore",9.00649672789871,27
"D","AUCell",0.258203285755764,27
"D","UCell",2.12064927709686,27
"D","ssGSEA",2.3180664118616,28
"D","GSVA",12.0491547511901,28
"D","zscore",8.90459701443352,28
"D","AUCell",0.497630853315637,28
"D","UCell",2.3243723269603,28
"D","ssGSEA",2.53564368702278,29
"D","GSVA",13.0734160719133,29
"D","zscore",9.68413633488041,29
"D","AUCell",-0.0300167691347192,29
"D","UCell",2.54163226955924,29
"D","ssGSEA",2.63310049865705,30
"D","GSVA",11.6269555756021,30
"D","zscore",9.43014101549665,30
"D","AUCell",0.0730703519481284,30
"D","UCell",2.64963927096277,30
"D","ssGSEA",2.06959064199274,31
"D","GSVA",10.0870553891343,31
"D","zscore",7.94222349558848,31
"D","AUCell",-0.203864185936413,31
"D","UCell",2.07621656068409,31
"D","ssGSEA",2.40372700384179,32
"D","GSVA",12.0197402408136,32
"D","zscore",9.33052063810594,32
"D","AUCell",-0.143075751094297,32
"D","UCell",2.42073212417159,32
"D","ssGSEA",1.9564727600546,33
"D","GSVA",10.8661415550777,33
"D","zscore",8.52669259065322,33
"D","AUCell",0.311947330685485,33
"D","UCell",1.96048019965216,33
"D","ssGSEA",2.63463954124132,34
"D","GSVA",11.754410864728,34
"D","zscore",9.94634558792929,34
"D","AUCell",0.126512655318784,34
"D","UCell",2.64806473943666,34
"D","ssGSEA",2.50883009422895,35
"D","GSVA",10.7452078588186,35
"D","zscore",9.8774410904671,35
"D","AUCell",0.199765668785029,35
"D","UCell",2.53249642941798,35
"D","ssGSEA",2.33629390529871,36
"D","GSVA",12.5475799900798,36
"D","zscore",9.3343062350182,36
"D","AUCell",-0.0428855497319507,36
"D","UCell",2.36235928892422,36
"D","ssGSEA",2.01323811241211,37
"D","GSVA",10.5946018044623,37
"D","zscore",9.25233865563772,37
"D","AUCell",-0.225961959697638,37
"D","UCell",2.03235380284671,37
"D","ssGSEA",1.70869074582292,38
"D","GSVA",9.92826022882765,38
"D","zscore",8.03950930553903,38
"D","AUCell",-0.0883492116275148,38
"D","UCell",1.72231959690653,38
"D","ssGSEA",2.82028949899992,39
"D","GSVA",15.2627459956215,39
"D","zscore",11.3474809006281,39
"D","AUCell",-0.224747724209555,39
"D","UCell",2.84890847801276,39
"D","ssGSEA",2.46363291822841,40
"D","GSVA",14.9867302707829,40
"D","zscore",11.3469296571618,40
"D","AUCell",0.15609307145009,40
"D","UCell",2.47390396183267,40
"D","ssGSEA",1.95329826364085,41
"D","GSVA",12.297974602981,41
"D","zscore",9.75659593380269,41
"D","AUCell",-0.162241041666393,41
"D","UCell",1.96417923632158,41
"D","ssGSEA",2.20138482542303,42
"D","GSVA",11.5224867846618,42
"D","zscore",9.18006697936279,42
"D","AUCell",-0.0164290886393953,42
"D","UCell",2.21862847176431,42
"D","ssGSEA",1.95107235709587,43
"D","GSVA",10.4540039537676,43
"D","zscore",8.99134978792472,43
"D","AUCell",0.026945266286886,43
"D","UCell",1.96075521627664,43
"D","ssGSEA",1.77942563469495,44
"D","GSVA",11.4471613813109,44
"D","zscore",8.31022172458887,44
"D","AUCell",-0.0756068767638876,44
"D","UCell",1.78558438489962,44
"D","ssGSEA",2.26959103731194,45
"D","GSVA",14.1560578917034,45
"D","zscore",10.5760074930622,45
"D","AUCell",0.198557771737207,45
"D","UCell",2.28579546984789,45
"D","ssGSEA",2.25704238569686,46
"D","GSVA",10.8529258133819,46
"D","zscore",9.31162063417685,46
"D","AUCell",0.0546675385390753,46
"D","UCell",2.27111153695716,46
"D","ssGSEA",2.35369738963961,47
"D","GSVA",13.8403540585838,47
"D","zscore",10.7981171160605,47
"D","AUCell",-0.256815972232474,47
"D","UCell",2.36466625550822,47
"D","ssGSEA",1.56971955098756,48
"D","GSVA",9.38286368355959,48
"D","zscore",8.25709473682385,48
"D","AUCell",0.0969091565602415,48
"D","UCell",1.57602470250891,48
"D","ssGSEA",2.2135287799382,49
"D","GSVA",10.9400690812964,49
"D","zscore",8.96206823805338,49
"D","AUCell",0.0530809069567815,49
"D","UCell",2.22258517594286,49
"D","ssGSEA",2.18877916574324,50
"D","GSVA",12.4698007893964,50
"D","zscore",9.17087709412086,50
"D","AUCell",0.422521291603159,50
"D","UCell",2.190203235972,50
"D","ssGSEA",1.73334152191123,51
"D","GSVA",10.7070612068848,51
"D","zscore",8.25258953659511,51
"D","AUCell",-0.347968790644447,51
"D","UCell",1.74908251630064,51
"D","ssGSEA",2.11382900502483,52
"D","GSVA",12.2584855161907,52
"D","zscore",9.43692765334968,52
"D","AUCell",0.264797379329412,52
"D","UCell",2.11967646430109,52
"D","ssGSEA",2.04188412469835,53
"D","GSVA",8.61224905866657,53
"D","zscore",7.81141940478658,53
"D","AUCell",0.150579439972062,53
"D","UCell",2.05059517303908,53
"D","ssGSEA",2.41806309244139,54
"D","GSVA",13.2544679979386,54
"D","zscore",10.1775746523858,54
"D","AUCell",0.272835540272973,54
"D","UCell",2.4295146759777,54
"D","ssGSEA",1.77833246967112,55
"D","GSVA",10.256890375182,55
"D","zscore",8.38303691416093,55
"D","AUCell",-0.520122135324688,55
"D","UCell",1.79301467563708,55
"D","ssGSEA",2.673601119466,56
"D","GSVA",12.7069427322744,56
"D","zscore",10.2114177713094,56
"D","AUCell",-0.214860852459777,56
"D","UCell",2.68827475471595,56
"D","ssGSEA",2.29908939629092,57
"D","GSVA",12.3008900193796,57
"D","zscore",8.99048112500556,57
"D","AUCell",-0.0574995270564689,57
"D","UCell",2.31073394181818,57
"D","ssGSEA",3.02672459844737,58
"D","GSVA",13.8331909801607,58
"D","zscore",10.8845115018008,58
"D","AUCell",0.0729201180790743,58
"D","UCell",3.04313520789708,58
"D","ssGSEA",2.46494213021325,59
"D","GSVA",11.9331813542113,59
"D","zscore",9.00988380676775,59
"D","AUCell",0.447739999183466,59
"D","UCell",2.47401279806482,59
"D","ssGSEA",2.12474607977256,60
"D","GSVA",12.5004961483129,60
"D","zscore",10.1230014042641,60
"D","AUCell",-0.528252760192871,60
"D","UCell",2.13965590985349,60
"D","ssGSEA",2.66213847806881,61
"D","GSVA",12.2941798579562,61
"D","zscore",9.9952817158069,61
"D","AUCell",0.154374885955939,61
"D","UCell",2.67902705691911,61
"D","ssGSEA",2.28735906334971,62
"D","GSVA",12.9874678123062,62
"D","zscore",8.49842123197829,62
"D","AUCell",0.340902301056483,62
"D","UCell",2.29708571172286,62
"D","ssGSEA",2.7719295614697,63
"D","GSVA",14.859018262145,63
"D","zscore",10.8195529806028,63
"D","AUCell",0.328376736087643,63
"D","UCell",2.78688518522255,63
"D","ssGSEA",2.4168504015746,64
"D","GSVA",9.54680511281233,64
"D","zscore",8.01999149091801,64
"D","AUCell",0.585358424683897,64
"D","UCell",2.42122575590068,64
"D","ssGSEA",1.75275445417185,65
"D","GSVA",10.9088789168227,65
"D","zscore",8.21788843728436,65
"D","AUCell",0.0920186680377612,65
"D","UCell",1.76680365495271,65
"D","ssGSEA",1.76051288208765,66
"D","GSVA",11.1920700088593,66
"D","zscore",8.92604101370355,66
"D","AUCell",0.184733380372962,66
"D","UCell",1.76829543827727,66
"D","ssGSEA",1.97866511499913,67
"D","GSVA",10.9588712930546,67
"D","zscore",8.97165624373123,67
"D","AUCell",0.0775388486028194,67
"D","UCell",1.98855987285465,67
"D","ssGSEA",2.00788483769652,68
"D","GSVA",10.5070416499519,68
"D","zscore",8.29773260873402,68
"D","AUCell",-0.221315350461265,68
"D","UCell",2.01846931255113,68
"D","ssGSEA",2.28523445275695,69
"D","GSVA",12.6434668832361,69
"D","zscore",9.73446012232461,69
"D","AUCell",0.22211299513136,69
"D","UCell",2.29279785213837,69
"D","ssGSEA",2.10173523870514,70
"D","GSVA",11.2631301960567,70
"D","zscore",9.27215404337297,70
"D","AUCell",-0.0431638582988286,70
"D","UCell",2.12833530290483,70
"D","ssGSEA",2.6578954182464,71
"D","GSVA",12.4466958417772,71
"D","zscore",9.79636137500607,71
"D","AUCell",0.303358768768682,71
"D","UCell",2.66533894039452,71
"D","ssGSEA",2.00829613316653,72
"D","GSVA",11.0874609329518,72
"D","zscore",8.66614483572787,72
"D","AUCell",-0.358961808175517,72
"D","UCell",2.01812119927275,72
"D","ssGSEA",2.41536954996738,73
"D","GSVA",12.9690659824069,73
"D","zscore",9.54689373050166,73
"D","AUCell",0.231100993947895,73
"D","UCell",2.42625271670668,73
"D","ssGSEA",1.99867011759139,74
"D","GSVA",12.1413298590725,74
"D","zscore",9.47750989792326,74
"D","AUCell",-0.0132938833806088,74
"D","UCell",2.00880209824036,74
"D","ssGSEA",2.31791911136823,75
"D","GSVA",11.6045482602261,75
"D","zscore",9.6285146179112,75
"D","AUCell",-0.369423755269818,75
"D","UCell",2.33299895714624,75
"D","ssGSEA",2.16930944475749,76
"D","GSVA",10.077713050194,76
"D","zscore",8.20139813426433,76
"D","AUCell",0.072067558566911,76
"D","UCell",2.18236314957274,76
"D","ssGSEA",2.90870668187716,77
"D","GSVA",13.0933931714749,77
"D","zscore",9.96242267123834,77
"D","AUCell",0.172127524793719,77
"D","UCell",2.92414579851464,77
"D","ssGSEA",2.29639131844598,78
"D","GSVA",13.6097405791303,78
"D","zscore",9.67062238742767,78
"D","AUCell",0.330507912236993,78
"D","UCell",2.30127226088964,78
"D","ssGSEA",2.38227610013256,79
"D","GSVA",13.7560109703214,79
"D","zscore",10.4236320444002,79
"D","AUCell",-0.153118953824701,79
"D","UCell",2.39878512864416,79
"D","ssGSEA",2.08533734830119,80
"D","GSVA",10.8218623697537,80
"D","zscore",8.34171466874911,80
"D","AUCell",0.440860847382672,80
"D","UCell",2.08700898162501,80
"D","ssGSEA",2.36074134770673,81
"D","GSVA",11.6407182563966,81
"D","zscore",8.50391700692931,81
"D","AUCell",0.18697351915694,81
"D","UCell",2.37066859706614,81
"D","ssGSEA",2.38649308385811,82
"D","GSVA",11.612481957551,82
"D","zscore",10.0657455832285,82
"D","AUCell",-0.107903824624611,82
"D","UCell",2.40573462490253,82
"D","ssGSEA",2.12593852901367,83
"D","GSVA",11.0587894721363,83
"D","zscore",9.61000691174966,83
"D","AUCell",-0.432894136679918,83
"D","UCell",2.14049365294911,83
"D","ssGSEA",2.44370462533063,84
"D","GSVA",12.5243539866038,84
"D","zscore",9.50187177152693,84
"D","AUCell",-0.0847938490409949,84
"D","UCell",2.45733173047945,84
"D","ssGSEA",2.36960309716295,85
"D","GSVA",12.2682722600727,85
"D","zscore",9.80887132583726,85
"D","AUCell",-0.0730571977154244,85
"D","UCell",2.37886071743817,85
"D","ssGSEA",2.09859886599856,86
"D","GSVA",12.7258948114559,86
"D","zscore",9.94810157136401,86
"D","AUCell",-0.0927255487721383,86
"D","UCell",2.10876973509295,86
"D","ssGSEA",2.68538262283987,87
"D","GSVA",11.2442187715697,87
"D","zscore",10.5096682001211,87
"D","AUCell",0.428188377201849,87
"D","UCell",2.6914073200299,87
"D","ssGSEA",1.72909406309264,88
"D","GSVA",9.43510315374954,88
"D","zscore",8.19189941908177,88
"D","AUCell",-0.0701953129168014,88
"D","UCell",1.73715601816902,88
"D","ssGSEA",2.07595915987205,89
"D","GSVA",13.9193390559444,89
"D","zscore",10.3938320404539,89
"D","AUCell",-0.120068997506037,89
"D","UCell",2.0849733364713,89
"D","ssGSEA",2.94252797559074,90
"D","GSVA",12.8534333459992,90
"D","zscore",11.2960337369264,90
"D","AUCell",0.588263757178448,90
"D","UCell",2.95117793971763,90
"D","ssGSEA",1.88647752203334,91
"D","GSVA",9.92766161951885,91
"D","zscore",7.51995083851834,91
"D","AUCell",0.096635691364277,91
"D","UCell",1.90245665388136,91
"D","ssGSEA",1.64504501589365,92
"D","GSVA",10.021787388698,92
"D","zscore",8.45778082731813,92
"D","AUCell",-0.111230263729342,92
"D","UCell",1.64664604075207,92
"D","ssGSEA",2.12640962544073,93
"D","GSVA",9.81323774265649,93
"D","zscore",8.70199947499069,93
"D","AUCell",-0.0496770916457059,93
"D","UCell",2.14890343783202,93
"D","ssGSEA",2.54420815169361,94
"D","GSVA",12.3254473051205,94
"D","zscore",9.61746658056075,94
"D","AUCell",0.0937198649539161,94
"D","UCell",2.54455207984365,94
"D","ssGSEA",2.24456991243028,95
"D","GSVA",11.600072605777,95
"D","zscore",9.43001808417763,95
"D","AUCell",0.167094224054919,95
"D","UCell",2.25632938300414,95
"D","ssGSEA",2.61451712423124,96
"D","GSVA",13.6590034259462,96
"D","zscore",10.4284670100955,96
"D","AUCell",-0.313755588408265,96
"D","UCell",2.63051341875815,96
"D","ssGSEA",2.18899622994865,97
"D","GSVA",12.2995652337829,97
"D","zscore",9.67447108603423,97
"D","AUCell",0.128085595059451,97
"D","UCell",2.18328432426275,97
"D","ssGSEA",1.84168760374692,98
"D","GSVA",11.6105612459071,98
"D","zscore",9.64037833410075,98
"D","AUCell",0.0928035651376719,98
"D","UCell",1.84363387580203,98
"D","ssGSEA",2.47071001428391,99
"D","GSVA",12.462458435395,99
"D","zscore",9.97112534510217,99
"D","AUCell",0.0604194150838091,99
"D","UCell",2.48349844055202,99
"D","ssGSEA",2.6336811152344,100
"D","GSVA",12.4342077000407,100
"D","zscore",11.1434491674551,100
"D","AUCell",-0.503139978293596,100
"D","UCell",2.66019272239149,100
