"","donor1_macrophage_disease","donor2_macrophage_disease","donor3_macrophage_disease","donor4_macrophage_disease","donor5_macrophage_disease","donor6_epithelial_disease","donor7_epithelial_disease","donor8_epithelial_disease","donor9_epithelial_disease","donor10_epithelial_disease","donor11_macrophage_control","donor12_macrophage_control","donor13_macrophage_control","donor14_macrophage_control","donor15_macrophage_control","donor16_epithelial_control","donor17_epithelial_control","donor18_epithelial_control","donor19_epithelial_control","donor20_epithelial_control"
"STAT1",6.9512,7.6545,7.9667,8.3726,9.2153,9.4086,8.9862,6.7652,7.6575,9.0282,6.983,8.0805,7.1537,7.5777,8.0641,8.8295,7.4931,8.5277,7.4859,6.6313
"STAT2",8.7197,8.4101,8.0487,6.9719,9.788,8.2479,8.1037,7.4523,7.9123,9.0335,6.8178,7.9212,7.2872,5.2131,4.5665,8.8553,7.8001,8.5276,7.5896,6.3036
"IRF1",5.5438,3.0659,4.4928,3.9492,5.4815,4.6378,3.4505,4.3212,3.3662,4.8355,3.3018,3.7776,5.0905,3.1754,3.7424,3.8061,2.9214,3.7931,2.794,4.5267
"IRF7",8.9609,7.8833,8.5057,7.1246,9.8155,9.3547,8.9192,6.6829,8.1845,9.0568,6.5735,8.4114,6.1344,5.0786,7.4863,7.7663,7.7302,6.8475,7.9757,8.7673
"IRF9",11.0615,10.7293,10.7345,10.5218,12.5775,10.1909,10.9982,9.6065,9.3565,11.3876,9.9762,10.2238,10.511,8.747,9.0301,12.2631,8.2885,9.0683,8.3346,10.4582
"IFITM1",10.1906,7.9196,9.1572,7.3272,9.0068,9.4539,7.8573,6.4947,8.3095,8.9134,6.6698,6.6605,6.9827,4.7059,5.1802,6.1651,6.1491,6.0973,6.4513,3.9029
"IFITM3",12.2456,11.5976,12.1094,11.6738,11.9034,11.1366,10.8429,11.0677,9.9254,11.1987,9.4915,9.1821,9.3296,8.8419,9.2222,10.9959,10.1814,12.2648,8.4742,8.868
"ISG15",4.6911,4.033,4.6188,4.3485,4.3465,5.5252,3.5236,3.0556,4.3774,4.0424,3.3437,1.9216,4.6168,1.3566,4.1927,2.7142,3.0108,3.1056,1.979,0.9982
"ISG20",9.9991,7.6111,7.5263,5.765,9.4541,7.9905,8.6174,6.2715,8.1253,7.9034,6.5161,8.1506,5.0364,6.4486,6.8585,5.9313,6.6255,5.4389,5.4923,4.846
"MX1",7.5239,7.7201,6.7905,6.4936,7.572,7.1438,8.3029,6.0441,7.8116,7.5728,6.1996,6.053,5.2478,7.2073,4.9929,6.8363,4.4637,5.9564,4.5154,6.1028
"MX2",6.6039,7.4196,7.9461,5.4138,8.4622,8.1976,6.3346,6.4052,8.3062,6.1534,4.672,4.7242,4.1243,4.6102,4.8075,4.7324,5.4585,5.8654,4.6717,4.7131
"OAS1",11.5941,10.15,11.7339,10.4939,13.2773,11.8821,10.8261,9.8271,9.2194,11.7768,9.9942,10.4851,9.1196,10.0658,9.3945,12.6743,8.5494,11.305,9.0629,8.753
"OAS2",9.4963,8.5982,9.1883,9.2363,11.0923,11.4577,8.8431,8.1701,8.495,9.6989,8.6126,8.5685,8.5507,5.7365,8.7917,10.2912,8.407,8.9333,7.7667,9.3824
"OAS3",1.6487,1.8962,2.0741,1.2732,2.1478,1.7356,2.1499,1.2732,1.2732,2.5617,0,0,0,1.1964,2.5037,1.1759,0.9395,2.2641,0.3279,1.2742
"IFIT1",9.0605,8.6137,8.423,8.9014,11.4881,8.761,10.087,8.872,8.3593,9.1234,8.4308,7.5698,6.9495,6.095,6.9742,8.1518,8.267,8.2267,7.0508,7.0137
"IFIT2",8.0762,7.6098,8.8058,8.7365,9.703,8.7694,7.9439,8.2077,7.2415,8.2147,6.2838,7.662,9.2406,6.683,6.8624,7.0941,7.3622,7.2295,7.3884,8.8493
"IFIT3",10.8149,9.7743,11.3935,10.6117,11.1077,9.7225,11.9582,9.5838,10.0646,11.1548,6.8227,9.9201,9.1288,8.8282,8.6731,11.1292,8.5131,8.3033,7.149,9.2247
"IFI44",3.3201,2.2597,2.844,2.1274,3.847,3.6534,4.2057,2.6802,3.0582,3.6397,2.0164,1.9698,3.1655,0.6522,3.4232,2.096,2.1759,2.1127,2.0162,1.597
"IFI44L",6.4485,4.8744,6.6999,5.7357,6.866,6.6735,7.024,4.4515,4.589,6.2863,6.1978,7.5226,4.5197,4.8699,4.3982,8.1046,6.9196,3.7922,5.1232,5.8677
"IFI6",14.2953,12.8014,13.228,12.6017,13.6875,11.8905,13.2095,11.016,12.3158,12.7391,10.3571,11.7488,11.3849,10.6022,10.3215,12.7981,10.8179,11.516,10.3864,11.3748
"IFI27",7.1134,6.7151,7.1758,7.4158,6.7423,8.2874,8.6684,6.9862,8.0812,9.4161,5.8978,4.3201,6.0157,6.1608,6.4448,8.8705,6.1845,5.6532,4.8703,6.5149
"IFI35",2.7708,2.151,1.7621,2.4256,3.6023,3.2733,2.6952,2.3438,2.5128,3.2259,2.379,2.9925,3.7688,0.8797,0.8858,2.0349,1.8799,2.0926,0.1998,0.1776
"RSAD2",12.8966,12.7027,12.2828,11.5696,13.5083,12.9886,12.329,10.2651,10.5467,12.2087,9.8118,10.1051,10.6574,9.3467,9.2781,10.9019,10.3318,11.5881,9.8593,11.0541
"BST2",10.4412,8.255,9.0421,9.6736,11.5075,9.9359,9.7976,9.4577,9.9292,9.3747,7.3333,8.3344,9.3635,5.7892,10.6441,10.6891,8.313,8.2423,7.1032,8.9001
"HERC5",3.0603,3.3358,3.3476,1.5087,2.0862,2.4627,2.4503,1.4925,2.6827,3.1113,1.1227,1.245,1.9024,0.8343,1.2744,2.5448,2.0323,0.404,1.5562,2.7474
"USP18",7.6321,6.4103,7.5527,7.2566,8.4989,7.2544,7.9418,6.0499,8.186,8.0156,7.1741,6.1417,7.1361,5.8502,5.6186,6.8374,7.6739,7.2005,4.5838,6.0502
"DDX58",10.7002,8.7706,10.374,8.5159,11.658,11.5261,11.558,8.5262,9.3043,11.1203,9.1955,9.3747,9.635,9.8598,9.4966,10.8698,9.4737,9.4008,9.2306,10.4929
"IFIH1",9.048,7.1129,8.1584,7.76,10.8071,10.3401,9.7213,7.7184,8.198,9.2729,8.1241,8.7785,9.2597,7.718,7.4502,8.3231,9.4283,7.1004,7.2242,8.5916
"EIF2AK2",12.4713,10.9513,11.9234,12.586,13.7858,14.0379,11.6985,11.8346,12.6908,12.4473,12.3286,9.5085,12.4574,9.8038,9.6261,12.3188,10.1305,10.8244,11.9097,11.3986
"GBP1",13.0213,11.7177,12.6567,10.4036,14.6629,11.825,13.2748,9.7134,12.5512,11.183,9.8448,11.2083,10.6497,10.3016,10.6926,10.5358,10.0864,11.7752,9.1409,11.6959
"TGFB1",8.8496,6.588,8.4378,6.6472,9.7642,8.0907,10.3637,7.3056,7.029,9.2387,7.4372,9.2356,9.2211,7.816,9.5959,10.556,8.8517,9.1807,8.9084,10.4172
"TGFB2",5.9939,5.4841,4.8327,4.2896,7.9316,6.2596,3.5154,4.364,5.4018,7.0704,6.223,5.9001,5.1522,5.5849,7.0009,7.1845,5.5953,3.2791,5.8966,4.7619
"SMAD2",4.2406,5.4141,3.9025,3.5519,8.1491,6.0907,6.3893,5.2658,5.0501,3.7122,3.968,6.1525,6.0371,4.3232,4.2173,4.5598,5.5638,4.4911,4.3609,6.2322
"SMAD3",8.977,7.6061,9.6563,7.4001,9.7569,7.9138,8.618,7.4367,7.5481,8.6176,9.0531,9.2582,8.4531,8.0253,6.2355,9.195,8.2074,9.584,7.445,8.4098
"SMAD7",2.3078,1.0934,2.7431,1.2115,1.2654,1.1854,2.4617,1.1782,1.8401,0.7693,1.356,2.5988,0.9924,2.1985,3.0793,2.2698,0.6877,2.3221,1.3129,0.8957
"COL1A1",8.1934,8.5563,7.6135,8.1036,9.304,8.8402,8.0481,7.8895,7.2852,8.1074,7.2673,9.345,8.6931,7.5557,7.845,8.2161,8.2653,7.3038,7.1249,7.7956
"COL3A1",3.7057,1.9419,2.0227,2.5197,2.3399,1.5614,3.3237,1.5486,2.0084,2.4245,3.3136,1.3981,1.5092,1.489,0.8894,1.9134,1.5979,2.5026,1.7354,1.3365
"MMP2",2.7037,0.8553,1.468,0.6346,2.7725,1.7518,1.9954,0.3856,0.3856,1.5267,0.4749,1.2033,1.8222,1.6109,0.1554,0.9856,1.9972,1.2002,0.1295,0.348
"MMP9",11.8538,9.1714,11.0865,9.8686,13.9166,12.944,11.4641,10.2867,12.5367,11.0015,10.3459,11.4144,10.5964,9.1033,9.7865,12.8505,12.6964,11.9155,10.5902,12.2382
"TIMP1",6.6475,5.7366,7.482,5.9913,6.9719,5.0771,7.5547,5.6818,6.9257,7.155,5.0327,7.5844,6.1856,5.2583,6.7132,6.7092,6.7075,5.9046,7.1025,7.8
"FN1",5.1751,5.49,6.1082,5.0567,6.7997,5.7617,6.7941,4.0757,5.8195,5.8098,4.2357,5.4286,5.5441,4.7084,5.7067,6.0283,6.9294,4.2945,6.2192,5.8448
"ACTA2",7.4417,5.9494,7.696,6.4026,7.6847,8.5081,7.7968,6.9664,7.8436,7.9137,6.2693,7.233,8.5739,7.5935,7.3763,7.9091,8.9871,6.9776,6.03,8.6045
"TNF",3.586,3.4155,1.2544,3.4715,3.4548,3.7859,3.6872,2.0057,2.0244,3.3133,1.6742,1.66,1.2806,1.8458,1.0607,1.1286,0,3.0749,1.1374,2.9997
"IL6",9.9901,7.7797,8.9032,8.0341,10.7066,9.1507,9.705,7.5735,8.7344,9.9192,7.1923,8.8739,9.5855,8.4864,8.1705,9.1722,9.6621,8.8464,7.5302,9.5678
"IL1B",7.7948,5.8456,5.7342,7.2977,9.0702,7.3445,7.0501,6.9896,6.3802,7.2891,6.2869,6.225,6.3012,5.5344,6.533,7.683,5.4973,6.6351,6.0873,7.3858
"NFKB1",10.0546,9.4704,9.5979,9.3096,10.274,10.5943,8.9978,8.3706,9.4894,10.7378,9.1684,9.9203,8.5121,9.3873,9.4519,9.7153,10.1374,9.9505,8.8364,10.4251
"RELA",6.9683,7.1622,6.634,7.1533,8.4217,8.533,7.9182,6.2644,6.9449,8.2748,5.4882,6.687,6.6916,5.3717,4.8405,7.1488,5.7849,6.3926,4.8816,6.2902
"CXCL8",7.7836,5.6195,7.3514,5.7899,7.3603,7.9427,6.1241,5.7631,6.106,6.7599,6.3174,6.1214,6.1818,4.844,7.0501,7.4243,6.088,6.6206,5.5022,6.5419
"CCL2",7.5528,6.8993,7.4015,7.0428,9.3392,7.5947,6.8347,6.9143,7.6582,6.8515,6.6187,6.3613,8.7461,5.397,5.3403,6.055,7.6718,7.9927,6.9293,6.747
"JAK1",8.9076,9.1905,9.2444,8.6527,12.0868,9.5962,9.1463,8.5506,9.4153,8.9698,9.3081,10.685,10.3048,8.9215,8.5167,12.5655,10.0912,11.0731,8.9369,9.3356
"JAK2",2.5479,2.142,2.5255,1.6734,2.6176,3.292,1.3971,3.0225,2.2442,2.8972,3.0038,2.2033,4.135,4.1459,1.8337,4.3528,1.8458,5.3173,2.5106,2.2187
"TYK2",2.2887,3.0721,2.3975,1.9176,3.1962,1.9063,2.5244,2.1287,1.9169,3.6076,1.457,2.5526,2.1742,2.7624,4.0262,4.2296,3.7266,4.448,2.7859,1.2124
"IFNG",6.7207,3.584,4.3486,4.9497,5.4339,4.2642,5.0489,4.518,5.5047,5.5435,6.7775,5.8713,5.967,5.0518,6.0166,6.7809,4.9598,7.1465,5.4776,5.4446
"IFNAR1",9.3903,6.7066,8.5915,7.3068,9.4037,7.6796,7.0622,5.0637,6.3275,7.3358,7.8609,10.0042,9.763,6.935,7.7614,11.2574,9.5737,6.8024,7.7315,8.8665
"IFNAR2",2.6702,2.1111,1.7769,1.4118,0.8852,2.1575,1.5526,2.2985,1.8202,2.2831,1.8459,0.1404,1.5145,1.0542,1.2364,2.9579,2.5664,3.4201,2.2962,1.9596
"AGT",9.079,9.8304,10.3485,9.432,13.1008,10.2524,10.4839,9.0686,8.54,9.6006,9.2778,10.7215,10.9538,7.5235,9.6989,11.6617,10.7043,10.8968,9.0162,10.7504
"ACE",8.4775,7.7018,9.8632,7.9268,11.3593,8.3872,8.4676,7.4437,6.8551,9.7812,7.4772,8.9922,9.5217,7.7583,7.7766,9.5531,6.4962,9.6466,7.4768,8.8818
"ACE2",0.9896,1.3473,1.1611,0.2425,2.9531,0.688,2.4192,1.312,1.1597,2.7513,2.7197,2.0641,2.7233,0.5094,3.1654,1.2183,0.6235,1.434,0.9727,0.935
"AGTR1",1.5019,1.5679,1.5614,0,0.7126,0.7908,0.1316,1.1745,0,0.5266,0.7762,1.8906,0,1.7291,1.0157,1.3024,0,1.3727,0,1.5757
"REN",7.585,5.3127,8.0346,5.2663,8.5395,7.4435,7.4489,6.7401,5.9069,5.5763,5.9053,7.0653,7.122,6.3474,5.7348,8.197,5.767,9.1141,7.2234,8.2411
"GAPDH",13.1967,11.2403,12.2679,10.331,12.5169,13.6994,13.162,10.1204,10.4451,13.0285,11.9895,12.4401,12.4272,10.7907,10.5307,15.0451,10.9877,12.8595,10.7879,12.4877
"ACTB",9.6006,8.3341,9.7938,9.9633,9.3532,7.8229,8.8484,8.0859,9.2692,8.7381,9.8278,10.9086,11.7327,8.6884,10.0032,11.6638,10.3539,9.9276,8.9237,10.2048
"TUBB",9.5767,8.961,10.6765,8.7634,10.917,8.8385,9.5544,6.7081,7.8027,9.2658,8.967,9.7516,10.7611,9.3699,8.5152,10.2052,9.9216,10.7152,8.5097,10.902
"RPL13A",9.9753,7.3963,8.8945,7.5566,8.2998,9.8907,10.2927,8.9981,9.6214,9.7937,8.5012,9.9577,9.643,8.9695,9.3692,10.0246,9.149,10.5112,8.388,10.7764
"RPS18",13.2924,12.9473,11.9586,11.7664,13.497,11.9746,13.0665,10.9372,11.9374,13.4755,11.4885,13.3572,13.8555,11.475,12.0382,15.5,14.2782,13.6589,12.3949,11.0095
"B2M",9.8261,9.7073,10.1709,8.8896,11.1695,11.8621,11.541,8.8593,8.6284,10.1874,10.1289,11.2751,11.1996,10.277,9.7901,12.1134,10.0143,9.2383,9.2424,12.0623
"HPRT1",12.8744,10.3683,12.6081,11.4392,15.2572,13.9105,13.8421,11.343,13.0931,12.8382,12.2755,13.4275,13.0873,12.2154,12.4666,14.0977,12.8898,13.9466,11.0857,13.8428
"PPIA",13.2112,10.2535,12.877,11.0207,14.4879,12.7544,11.8062,10.1985,9.9502,11.8906,10.893,12.2159,13.4003,11.1722,12.7037,13.4123,12.3119,13.0984,10.6885,12.5436
"YWHAZ",12.8758,12.6774,12.9071,9.9022,14.4329,11.94,12.819,9.7354,11.9469,10.6964,11.8575,12.1921,14.1897,10.3664,12.0391,12.4513,11.6111,13.4511,11.6902,12.4885
"SDHA",10.4501,9.5428,9.8402,9.7954,10.4062,10.2311,9.2284,8.1749,7.9752,10.354,9.8753,10.3671,11.8615,9.9054,9.7398,11.793,12.0655,11.1148,7.9359,11.0887
"TBP",8.8978,7.0615,8.8643,8.9857,11.4893,9.5073,9.0038,7.1182,8.8069,9.1184,8.9967,8.2381,10.5374,8.9476,9.6938,10.9962,11.0953,10.107,8.8349,11.5886
"HMBS",9.6551,8.544,10.3078,7.9686,10.1757,9.9887,10.1234,8.2244,8.3893,10.2592,9.9409,9.9398,9.4733,8.1042,9.0859,12.0313,8.2175,10.5377,7.512,10.8174
"UBC",10.5461,8.1379,8.4271,8.0912,12.8849,9.9836,10.2654,8.4538,8.7718,11.279,11.2533,9.7541,11.4816,9.4443,10.0404,13.4112,10.4322,11.0829,9.1471,10.593
"RPLP0",10.2851,8.2663,9.7017,8.2392,10.4776,10.55,10.8954,8.7494,8.7761,10.5083,10.6595,11.3365,12.1991,8.4814,10.1781,10.9298,9.3219,11.8202,8.7713,10.6128
"EEF1A1",12.8536,11.1192,12.1364,11.4723,13.1619,12.5851,12.8231,9.9355,11.0277,10.745,10.1081,14.5593,13.5601,11.5554,11.5252,13.6166,12.972,10.9149,12.5611,12.0773
"HSP90AA1",10.0303,9.2796,8.9387,9.6965,11.2878,10.7523,9.2885,9.256,9.0898,10.0732,10.561,12.6363,10.724,7.8045,11.1638,10.7906,10.6716,11.5728,9.8711,11.5597
"ALDOA",11.4418,9.2471,11.1915,9.5234,13.0267,11.1263,10.7756,8.561,10.4556,10.8228,10.0794,11.9351,13.1401,10.6735,10.276,12.9525,11.2529,11.9156,10.5804,11.4805
"PKM",13.6201,11.2715,11.3224,11.2273,13.1472,11.9478,12.8676,10.112,11.3498,11.5222,10.3601,11.7991,12.8903,10.9269,11.3236,15.1922,11.2011,14.0634,11.9508,13.3545
"ENO1",12.8253,11.0266,11.0059,10.7594,13.4449,12.6074,11.6391,8.7725,11.4888,11.6433,11.4178,13.1857,13.1595,10.8145,9.7755,13.2362,11.5912,10.2978,11.7967,12.7359
"LDHA",9.9128,8.0153,9.1084,10.0836,9.2088,10.0153,9.4854,8.3235,10.0294,9.7317,9.6403,12.5498,10.2489,8.3774,8.5633,11.7537,11.3776,12.522,8.017,9.3669
"PGK1",13.5275,12.2865,13.594,12.1047,14.2306,12.4469,13.125,11.0179,10.9995,13.2974,12.5185,13.6064,13.862,12.171,12.2387,15.5,12.1149,14.057,11.5467,14.2614
"GPI",10.0081,8.1357,8.8136,9.5347,9.82,8.0968,7.5527,7.8991,9.3166,8.7917,8.2417,11.3898,9.5679,8.8997,9.4345,9.8163,8.6268,11.1376,9.0087,9.1241
"TPI1",10.122,9.9501,9.3598,9.0634,11.2796,10.8316,9.1072,8.3634,8.8447,10.3035,10.0506,10.939,12.5607,8.7082,9.4512,11.3447,10.4532,11.0227,8.8482,10.1091
"PGAM1",12.9793,10.4172,11.9841,10.9689,12.4313,12.1053,11.8468,10.2498,10.8083,11.3168,11.4018,11.3745,14.1392,10.2044,11.2705,12.2527,13.1282,13.2059,11.1246,13.2386
"MDH2",9.0183,8.8896,10.891,8.9222,9.1679,9.5887,7.7923,7.6996,8.4536,8.4761,7.9616,8.9731,9.6267,8.3138,8.6452,9.1082,9.0361,10.8105,8.8223,8.8852
"APOE",9.7095,7.3808,8.8813,8.0393,10.2681,10.1944,9.0945,7.6799,8.2007,9.3628,7.5988,10.4696,9.568,7.7155,8.1607,9.3609,6.7208,8.8802,8.434,11.2436
"APP",0.5997,1.3845,0.956,2.2925,1.1169,1.9605,0.9984,1.6501,0.4147,2.0855,0,1.6275,1.9659,0.4256,0.7251,2.4669,3.0957,1.465,2.1615,0.3752
"MAPT",1.3993,3.2651,3.7656,2.752,1.6371,3.1032,1.3708,2.6656,1.9479,0,2.319,2.6583,2.8171,3.712,2.3366,1.9744,1.706,2.8229,2.3141,2.6004
"PSEN1",0.9221,2.4744,1.7662,2.3846,0.7508,0.1888,2.2998,2.3892,2.5919,0.1953,2.0524,0.0393,0.8915,1.2547,2.4631,3.0592,2.961,1.0389,1.4366,1.8408
"PSEN2",0.3231,0.4891,0.1315,0.9975,0.7158,0.5223,0.1724,1.202,2.6736,0,1.6861,0.7917,2.0644,0,1.2931,1.5231,0.027,0,1.2458,0.8414
"BACE1",9.6705,10.2022,10.135,10.3052,11.6623,9.1785,10.6722,8.4687,10.1647,10.9056,10.8861,10.957,11.25,7.8286,10.3997,12.293,11.1107,11.6993,9.8026,10.477
"CLU",2.6553,1.8122,1.6451,1.211,2.406,2.3185,0.2496,1.1967,1.9288,2.3122,1.4479,0.5593,1.0771,0.7355,0.8633,1.5565,0.8179,1.9169,0.0328,1.9363
"BIN1",1.7575,1.1247,1.7638,1.7343,1.8455,0.7697,1.217,0,1.0945,0.8104,1.138,1.6988,1.1531,0.6898,0.092,1.5889,1.3162,1.6112,1.2094,3.1177
"ABCA7",3.6338,5.5481,4.5688,5.3585,7.6944,3.6492,6.4719,4.7943,4.1202,7.0195,5.675,6.2792,6.2754,4.7234,5.8046,6.9707,5.6301,5.4689,4.2233,5.9507
"SORL1",10.4994,7.362,11.19,9.9058,11.4424,10.0487,10.7049,8.3867,9.1155,10.4147,9.8062,10.1757,10.6302,8.2719,8.7793,11.931,9.2925,10.6442,9.4933,9.9169
"TREM2",5.3292,5.2177,6.4857,5.2514,7.3548,5.1945,4.901,5.3126,5.0097,5.9914,5.1803,5.7523,7.0153,5.3158,4.7186,5.1549,5.63,5.8872,4.6706,5.8875
"CD33",1.7647,0.3588,2.0548,1.6339,0.5289,2.4215,2.3866,1.7795,1.6169,1.7469,1.8232,2.1979,2.4681,0,1.5613,1.9988,1.7218,2.1769,0.0095,1.5946
"INPP5D",7.9184,8.2457,8.2812,7.6009,9.1021,8.7323,10.7442,8.2737,8.013,9.3483,8.1833,9.8881,10.2216,8.71,9.8758,11.0529,10.0447,10.8477,7.9063,10.5875
"SPI1",6.3361,7.5924,6.6825,5.5659,6.9436,8.7287,6.9202,7.4617,7.3014,7.4887,9.0765,6.4467,5.549,6.4279,7.8697,8.1058,6.666,7.8575,6.3833,6.7054
"MEF2C",4.3636,6.0722,4.0087,4.6743,5.3228,6.672,7.2145,4.639,6.721,5.7033,3.8972,6.9414,7.4907,6.576,5.6523,7.3575,8.0804,7.2111,6.7101,6.3947
"PLCG2",8.5125,6.3025,6.3275,7.2787,8.5655,6.6265,8.0128,6.1868,7.4098,6.7267,8.2743,7.7734,7.3459,7.2001,8.4774,8.2176,8.326,8.6654,7.3264,8.8591
"ABI3",2.2917,0.5307,0,0,0,0,0.7505,0.749,0.3078,0.4273,2.8466,0.3388,0.8922,2.0398,2.8231,2.4852,0.1462,0.6601,1.3756,1.2031
"ADAM10",2.0718,0.6801,1.1702,2.007,2.7432,1.4431,2.82,1.066,1.6551,0.9423,1.6803,3.4655,1.2798,1.6663,1.5263,0.2875,0.8964,1.6133,1.9352,2.8922
"ADAM17",3.857,2.8887,6.2673,4.0988,5.7176,4.5112,3.1427,5.4453,5.6164,5.0484,5.5975,5.8448,5.3505,4.8637,5.0942,5.1651,6.1051,6.1012,2.8027,3.9734
"NOTCH1",9.6974,10.3337,10.1496,10.2028,12.2106,10.4315,10.5456,8.2569,9.9722,11.7596,9.8218,12.1192,9.3226,8.539,10.3468,13.4975,11.1497,11.8169,10.0106,10.7031
"HES1",11.1418,11.0397,10.9325,10.3041,12.2233,11.2961,11.9238,8.966,9.218,10.8195,11.2324,11.0009,10.5871,9.6494,11.4426,11.5567,10.0992,11.1801,10.627,10.9888
"DLL1",6.8668,7.3813,7.4248,6.7029,10.3169,7.6419,8.6672,6.9876,6.9912,7.5887,8.4875,7.0909,9.8375,6.1568,6.4875,10.0141,6.8324,8.9843,6.379,8.5043
"WNT3A",7.6593,6.4743,8.1837,6.7197,9.0765,6.7683,8.499,6.7332,6.3282,8.1405,6.7119,7.7973,7.6584,7.9008,7.283,10.7727,8.8955,9.5054,6.7643,7.335
"FZD1",7.0573,7.8237,9.1812,7.0791,10.111,10.1345,10.012,7.2263,8.4255,8.2929,7.2632,9.9898,8.1619,7.8472,8.2096,9.1712,9.0964,9.4852,7.0465,8.8002
"CTNNB1",1.0055,1.2614,2.4229,0,0.0044,2.9321,1.5753,1.0821,0.9364,2.5278,1.767,2.1162,2.3753,0,2.4223,1.9424,2.4609,1.702,1.6397,0
"APC",5.2706,5.0783,6.3762,6.1805,7.5867,8.1681,6.5465,5.1457,6.2124,5.6185,5.0082,8.1449,6.4404,5.8366,6.4147,8.3939,5.4118,7.2408,5.6244,7.0751
"GSK3B",8.9825,8.741,11.1699,8.9956,10.7193,10.6106,10.4838,7.8779,9.8176,10.0109,10.4669,9.3445,10.5181,9.1005,8.8136,11.399,11.2083,11.5818,9.8833,10.1546
"AXIN1",7.5315,5.7868,5.5671,6.8261,5.3986,6.3084,5.8279,5.1051,6.4909,5.8231,6.5877,6.5327,6.5256,6.3419,6.0412,8.1492,6.1726,6.5131,5.8627,7.1298
"DVL1",8.6523,8.2012,8.8538,7.7516,9.7176,8.6968,9.1769,7.8039,7.3878,7.5885,8.6188,9.1893,8.5954,9.4168,9.6225,7.7855,8.1798,10.2113,8.4189,9.0646
"LEF1",9.3867,10.1313,10.5026,10.7196,11.5449,9.3949,10.9811,9.5482,8.3307,9.0495,9.952,11.0775,12.0466,9.4055,9.4895,13.7057,9.587,11.5556,9.0445,11.393
"TCF7",5.2637,3.7179,5.2629,4.7597,7.1509,6.6936,5.4169,4.2658,4.6884,5.9014,5.907,5.9849,5.7255,6.215,5.868,5.0558,6.2387,6.838,5.6347,6.6302
"MYC",1.742,3.0148,2.4658,1.3135,2.4793,0.3476,0.7335,1.4038,1.6268,1.0223,2.6066,3.0066,0.7703,1.4386,3.1145,1.6717,0.8494,2.9426,0.6242,0.276
"CCND1",8.9579,9.026,7.9458,6.1687,9.1935,6.8318,7.6483,7.034,6.7379,8.0865,7.5183,8.8822,7.6858,6.753,7.8615,7.8154,9.0684,8.325,6.2323,7.2298
"CDK4",10.7551,8.7426,10.5944,10.306,13.4858,11.8755,10.5668,9.0224,10.2227,10.6555,10.3488,11.588,12.1944,9.9351,10.3181,12.6149,10.7026,10.7024,9.3367,10.4181
"CDK6",6.8278,5.4885,7.3583,5.9258,8.7846,9.235,6.0752,6.5403,5.9017,7.7222,6.3862,6.6798,5.3405,6.6103,5.5546,8.6287,7.2876,7.2683,6.3516,5.4336
"RB1",4.4445,5.6849,5.3757,6.0693,6.3761,5.7406,4.81,4.2824,3.4276,5.4681,6.0763,6.867,6.0198,4.4526,5.7966,8.0285,6.0096,5.8718,5.9809,4.1092
"E2F1",5.4542,4.845,5.7374,4.5902,5.8425,6.9568,5.9266,4.2013,5.4428,4.6832,4.6989,5.9439,5.5921,5.7597,6.1964,5.1625,4.998,6.2291,4.3595,6.5842
"TP53",11.3402,11.0384,10.5595,10.6967,11.5993,10.3389,10.3112,9.5836,11.246,12.5271,9.3924,11.0328,10.2289,9.3203,10.8498,14.3862,10.4155,12.2643,9.7645,11.6948
"MDM2",6.6605,7.693,7.9247,8.2973,9.7899,8.9045,8.2656,6.4679,6.8079,8.6289,7.4428,8.4116,9.0491,6.9134,7.5938,9.458,8.0822,6.6754,7.0055,8.4334
"CDKN1A",11.669,8.3594,12.2398,8.3845,10.5701,10.0947,10.5271,9.9222,9.407,10.2851,8.2149,10.6899,10.8169,9.3626,9.4023,11.0331,9.5184,9.9482,10.2082,10.643
"CDKN2A",5.7595,7.2742,6.7083,6.0445,8.3704,6.4058,8.5256,6.0274,6.6218,6.8105,6.4354,6.5236,7.7934,7.0031,7.2471,9.518,6.7645,8.1737,7.5177,7.2016
"BAX",6.7621,6.4553,8.3573,7.4572,9.8733,7.8988,8.056,6.9869,6.3713,7.7194,7.6554,8.4035,10.0185,7.4348,8.6388,10.2559,8.6393,6.3276,7.0465,9.0467
"BCL2",5.9893,5.5518,8.2786,5.3733,6.7718,6.0883,4.5561,5.8276,5.1735,7.533,5.091,6.4285,5.7758,5.2712,6.1098,5.8189,6.2084,6.386,5.5011,6.8688
"CASP3",1.4807,1.4875,1.5376,1.7959,2.3775,0.8556,2.273,0.7735,1.4685,1.1637,2.3027,2.3534,1.662,1.0752,2.7414,0.755,2.7805,0.5472,2.3884,1.82
"CASP9",7.149,5.6565,8.102,6.315,9.2785,7.2109,6.8503,6.5621,5.917,7.2067,6.5586,7.0341,8.1229,6.1262,7.452,8.0646,8.0402,7.8858,6.694,7.7476
"CYCS",6.4508,6.5815,4.9931,5.169,8.6226,6.2326,7.3885,4.1372,5.6562,6.3601,5.0427,5.4729,5.1848,5.2289,5.5687,7.3769,4.9933,6.9503,7.0206,7.4384
"APAF1",3.091,4.8202,5.4891,3.8318,7.1073,6.5834,5.7236,3.7969,3.7192,5.5691,5.7092,5.4556,4.9533,4.957,4.6253,5.7074,6.3437,3.9953,4.504,4.3178
"XIAP",6.608,5.7113,4.9194,4.5649,8.1822,6.8998,4.5667,6.4079,6.0046,6.0542,5.33,5.4429,6.3651,5.3707,5.931,6.1557,7.1981,6.569,5.2668,6.9052
"BIRC5",6.2888,7.1507,4.8183,4.359,6.0676,6.6515,6.2445,5.8802,4.8336,5.8397,6.324,5.61,6.8379,6.0948,6.3099,8.1182,6.7273,6.0355,5.3119,7.4122
"DIABLO",7.3511,7.2984,7.339,7.3237,8.947,8.9241,7.3924,6.2974,7.224,8.5643,7.9397,8.8004,7.5911,7.0127,7.0993,10.9239,7.4648,11.4191,7.4222,8.6556
"VEGFA",9.7029,9.23,8.9195,9.3489,13.2085,9.1525,8.3574,7.0271,9.2925,9.4344,9.4403,9.5532,12.0634,8.8473,9.0252,11.2902,10.8169,9.7739,10.5257,10.4753
"FLT1",5.0062,5.09,5.2743,5.9932,7.1954,7.5804,6.4575,3.0738,5.7556,6.193,4.7181,6.1455,6.0872,6.2718,5.6637,7.5596,7.1077,6.1785,5.1485,6.6211
"KDR",2.0917,2.1402,0.772,0.8427,2.4936,0.4047,0,2.5884,0.2272,1.358,0,1.7768,0.3838,1.6021,0,1.2045,1.1546,1.8714,0.1625,0.4619
"HIF1A",8.4471,8.1204,8.3397,8.1458,10.6671,8.5502,9.9141,8.0871,6.9985,9.109,6.6321,10.4623,8.0525,6.8761,8.1093,9.4136,9.2374,8.0297,7.0782,9.3712
"EPAS1",4.5147,5.0848,6.3492,4.317,7.2864,4.744,5.6809,4.4586,5.1798,5.1168,4.4909,6.296,7.1844,5.8176,6.5224,7.4689,7.4876,6.605,6.7017,6.4588
"EGLN1",3.1527,2.4754,1.1593,1.3357,3.6725,1.5611,1.4334,0.7014,0.777,1.6603,1.266,2.8199,3.5403,1.7979,1.1733,2.3871,3.0104,0.3725,1.2078,2.4353
"VHL",4.1165,1.8221,2.8762,2.8423,2.5902,4.7036,2.1416,3.773,2.7254,3.5318,3.6182,4.0063,2.3686,1.786,2.3629,3.3394,2.8404,3.3878,1.927,3.0854
"ARNT",6.3626,5.6133,4.2236,4.2644,6.3158,6.4763,4.6456,5.6202,5.1898,6.8662,5.2314,6.7802,6.5084,4.7012,6.8277,5.7125,7.6949,7.8363,5.9264,6.3998
"NOS3",9.0929,7.49,9.6064,9.0891,10.4063,9.5788,10.1066,7.6998,10.2028,9.8419,7.8238,10.0472,11.4493,8.9544,9.1351,11.2499,10.0344,11.1689,8.6245,10.1255
"EDN1",7.3312,6.4271,6.632,5.4608,6.7101,7.1711,5.0932,5.3176,4.6594,6.2338,5.4387,6.5529,6.6412,6.0821,5.7059,6.7369,5.8736,7.6329,7.1352,7.3915
"HMOX1",6.196,6.3738,5.9056,5.6372,7.528,6.4853,7.2039,6.8568,6.0097,7.3616,6.8799,7.5297,7.219,6.1946,5.7566,7.1554,6.8843,6.3934,6.2563,6.6968
"SOD1",2.5126,2.5808,3.2068,1.908,4.6566,3.374,2.0114,3.0552,1.6319,3.1533,2.9447,3.3869,2.0818,2.527,3.2836,4.7633,3.5776,3.2817,3.5248,3.8094
"SOD2",8.0265,5.5438,8.7886,6.338,7.112,7.0631,7.5463,5.189,5.7289,8.0429,6.0402,7.6142,7.5893,6.1349,6.6218,7.0002,8.1612,5.2805,6.4504,6.6848
"CAT",1.6722,0.6518,0.9877,1.0682,1.4221,0,1.5216,0.9755,1.8993,2.5898,0.435,0,2.4731,1.65,1.1195,0.5452,1.9406,0.9726,0,1.2052
"GPX1",1.8819,2.6176,1.2545,1.707,3.3459,2.752,1.7124,1.9807,0.313,1.6675,1.5334,2.3423,3.2312,2.0339,1.219,0,2.5507,1.2636,1.727,1.6957
"PRDX1",7.1609,7.2869,9.1462,5.6623,6.4014,7.1958,5.5504,6.578,7.3917,8.2859,6.4242,7.079,6.8571,5.1986,7.0203,7.3876,7.6382,7.6792,5.1732,9.847
"TXN",1.8791,2.1956,2.2899,1.0733,2.7335,1.5706,0.5185,2.0404,1.2656,2.182,1.694,1.8184,2.3887,0.567,2.1158,1.3563,2.0012,1.417,1.3383,1.8424
"TXNRD1",10.5574,9.6377,10.0724,8.4424,10.2039,9.077,11.7399,7.9794,9.4218,10.4417,10.2027,9.4294,12.0228,9.275,8.6986,12.3001,10.2413,9.3774,7.4001,9.54
"NFE2L2",11.4224,10.3238,11.7414,10.0356,13.2512,12.1498,12.0943,9.4068,8.8139,11.0394,10.4779,12.6146,12.0104,8.9429,9.287,11.8781,11.3291,11.5645,10.4448,10.9281
"KEAP1",9.3576,8.0994,11.1858,9.4952,12.0089,9.3964,10.1503,9.8332,9.7241,9.4899,10.0103,11.6955,10.0396,8.3171,9.5131,12.6845,12.0184,10.8424,10.6112,10.1691
"NQO1",4.7953,4.0539,4.6219,6.7477,6.8365,6.2568,6.6189,3.7687,6.0276,5.9572,6.1083,6.4327,6.9439,5.4445,5.1376,8.3196,4.6943,6.2201,5.3723,6.9538
"GSTM1",2.2455,1.0213,2.0552,1.9018,1.6244,2.367,0.5736,0.4425,0.3397,0.9747,0.7115,1.298,0.5272,1.3404,2.3749,1.4608,2.8879,1.5613,1.7512,0.4744
"GSTP1",0.634,1.7329,0.3154,0.2053,0,2.0809,1.2653,1.6331,1.398,1.2878,0.3515,0,1.0808,0.7726,0.7018,0.8321,0.525,0.9389,0.7275,0.2644
"CYP1A1",2.2658,2.7394,2.1036,1.7199,2.0181,3.4594,1.8903,3.4045,2.0812,1.6251,2.6507,2.7372,3.6336,1.6804,1.1919,2.435,2.3767,1.7584,3.4369,3.5523
"AHR",11.7887,9.1967,9.7815,10.7147,11.1142,11.7702,9.9856,9.9584,10.587,11.6622,8.8478,11.9816,11.1189,9.0334,9.2409,13.1607,11.9144,10.1019,8.7157,11.0207
"ARNT2",6.7902,7.4245,5.8725,7.003,10.0173,8.3664,8.0531,7.4062,6.7395,8.855,6.765,8.2359,8.0244,7.2771,7.5041,8.95,7.4975,8.0434,5.535,8.729
"HSP90AB1",7.1055,6.2912,7.1601,6.8488,7.2423,6.5847,7.2334,5.8528,6.1557,7.6231,6.2475,7.6969,6.214,6.0501,8.174,6.6749,7.6369,7.0175,6.5124,7.4976
"HSPA1A",8.8367,9.1103,9.3325,9.6183,11.2811,9.5196,9.8414,8.621,8.7177,10.5449,9.0222,12.5552,11.2282,9.2553,9.8117,11.5948,10.8713,11.7528,10.1686,10.9626
"HSPA5",0,1.747,2.4434,2.0235,0.9745,1.6057,0.9708,2.0547,1.6226,0.9312,2.3845,0.5731,2.6898,0.6918,0.7479,2.0597,1.6806,1.7528,0.3858,1.9513
"DDIT3",11.1919,8.9286,10.1027,8.5631,10.9806,10.4611,10.7452,7.3041,9.6523,9.4964,10.5052,10.9397,10.3471,9.1321,9.4871,9.8234,9.8912,9.0473,9.2209,10.2939
"ATF4",2.2542,2.9042,1.1633,1.676,1.4268,2.0021,4.1863,3.5002,3.0396,2.4611,2.2775,4.3936,4.3397,2.5895,2.0624,3.7229,3.5707,2.6627,2.6371,3.9215
"ATF6",6.6937,7.4489,6.7234,7.146,9.3552,8.4165,7.7149,6.3037,6.0789,6.5924,7.6127,6.9925,7.8949,7.8532,8.0579,9.6981,8.7131,7.6736,6.2718,9.6507
"XBP1",1.6067,1.5173,2.9948,2.3655,2.8469,1.5984,0.9319,2.6314,2.6487,0.827,1.1349,3.0111,2.2656,1.4105,1.3718,1.879,1.5612,2.8834,1.6915,1.0497
"ERN1",1.7855,0.3771,0.2609,0.9301,2.0267,1.0162,0.5931,0.3649,0.275,1.8136,0.3017,0,0.4835,1.3085,0,0.5848,0.4987,0.6548,0.0548,2.1948
"EIF2S1",1.4933,0.3691,0,2.0291,0.8476,0.9403,1.4249,2.0573,1.0062,0.4231,0.551,1.4253,1.489,0.1449,0.584,0,1.6087,1.8032,0.6699,0
"PPP1R15A",8.4302,7.8447,10.5735,7.4114,9.9422,8.0724,7.2692,6.8984,8.3454,8.8236,8.4665,8.9716,9.4174,7.6524,7.5796,8.8641,9.1695,9.3546,7.7093,9.1945
"GADD45A",5.4705,6.0653,6.6584,4.8674,5.9927,5.0186,5.8076,5.0463,5.9381,5.0382,6.1213,5.9677,6.8801,4.974,6.2386,8.2586,5.1127,5.4939,5.4379,8.6472
"GADD45B",11.1386,8.668,8.9708,8.7592,11.1642,9.5849,10.4258,8.3703,8.1232,10.3906,9.1578,8.6864,9.4022,9.2004,9.6634,10.7508,9.9396,11.3081,8.9699,9.855
"BRCA1",9.9941,9.5223,12.4734,9.5879,12.4396,10.131,12.5443,8.7667,10.0904,10.4973,9.7213,13.5651,12.8111,10.1839,10.7303,12.3545,10.0552,11.3041,10.6098,11.4286
"BRCA2",9.0991,7.9155,9.5833,8.0798,10.1514,7.6816,7.1817,7.0059,7.0481,9.5086,7.9353,8.7585,7.9702,7.1992,8.5019,7.8863,9.2492,9.8359,7.9897,9.7265
"RAD51",1.4241,0.733,2.0355,1.1021,2.8138,2.4183,1.3149,2.5029,1.3282,0.2352,1.8339,1.0643,1.9757,1.4311,1.0403,2.6662,1.8602,2.1911,1.7677,0.7457
"ATM",8.3918,7.4918,7.007,7.0172,8.4458,10.0441,8.6262,5.9797,8.9379,7.1889,8.7705,10.7152,7.5769,7.9124,7.5296,9.7344,8.5516,9.5831,8.854,8.5761
"ATR",11.0327,8.5985,9.127,7.5188,11.2094,10.5017,9.9935,7.5409,9.5135,9.0752,8.8355,11.0924,11.1065,9.1309,9.1991,10.9464,10.3395,10.6952,7.8557,10.1474
"CHEK1",10.3972,9.9901,9.1396,7.2035,11.8818,8.7917,9.1078,7.7636,8.3121,8.1599,8.8066,9.5638,9.2139,9.1416,8.9431,9.5953,9.1778,8.7442,8.7264,9.9734
"CHEK2",5.3651,4.8342,5.5482,4.8924,6.6706,6.7261,5.8739,6.6745,4.7973,7.4338,6.3877,7.4507,7.0215,5.5095,5.8535,5.9574,7.4043,7.4722,7.081,5.4121
"CDC25A",6.8298,7.4809,6.2311,4.7031,8.6648,7.5073,7.9116,6.5834,7.6914,7.574,6.0316,7.651,8.6945,6.0201,6.7038,6.3438,7.9471,8.3245,6.5878,7.3426
"PLK1",7.6811,7.2595,6.2271,6.7589,7.9351,7.3646,7.5284,5.4107,6.9267,6.805,5.643,6.9944,9.141,8.434,7.3615,7.72,5.9529,6.5992,6.129,8.1756
"AURKA",2.0979,1.8474,0,2.3961,2.2221,2.0611,2.094,1.9373,0.8889,1.5368,2.535,1.8468,1.9232,1.2006,2.5917,1.339,3.194,1.3084,1.7386,2.3469
"BUB1",2.5307,3.0376,3.9891,1.8297,3.8247,1.9469,3.0196,2.6587,3.2182,2.8425,3.3898,2.8571,3.6456,2.8035,3.3591,3.2329,3.9003,4.0494,1.9043,2.7622
